SceneNumber,StartFrame,EndFrame,Text,Face,Person,Objects,Background,quality,faces_avg_number,color_colorfulness_mean,color_saturation_mean,color_value_mean,color_black_mean,color_blue_mean,color_brown_mean,color_grey_mean,color_green_mean,color_orange_mean,color_pink_mean,color_purple_mean,color_red_mean,color_white_mean,color_yellow_mean,color_colorfulness_variance,color_saturation_variance,color_value_variance,color_black_variance,color_blue_variance,color_brown_variance,color_grey_variance,color_green_variance,color_orange_variance,color_pink_variance,color_purple_variance,color_red_variance,color_white_variance,color_yellow_variance,faces_ratio,length
1,0,119,0.0351012152777778,0.0,0.0,0.0,0.964898784722223,1668.6725643299355,0.0,0.8079420003295441,0.3843137254901953,0.3075168846629104,0.0059915966386554,0.0,0.004,0.0029915966386554,0.9661176470588247,0.0,0.0034957983193277,0.0,0.0,0.0120924369747899,0.0048991596638655,1.1630949957837724e-06,6.090900342086494e-31,4.918605721939672e-05,8.403361344537727e-09,0.0,6.828227523962956e-36,8.403361344537907e-09,1.3419740777667009e-06,0.0,2.52100840336134e-07,0.0,0.0,8.460333285856675e-08,9.143996581683537e-08,0.0,4.96
2,120,155,0.0,0.0,0.0,0.0,1.0,46.32510406627716,0.0,0.0227668845315904,0.0106753812636165,0.0082059681130451,0.9723888888888887,0.0,0.0001111111111111,5.555555555555556e-05,0.0268888888888888,0.0,8.333333333333333e-05,0.0,0.0,0.0003333333333333,0.0001388888888888,0.0186599171258917,0.0041026955444487,0.0024241648562033,0.0274454444444444,0.0,4.444444444444455e-07,1.1111111111111137e-07,0.0260284444444444,0.0,2.4999999999999946e-07,0.0,0.0,3.999999999999991e-06,6.944444444444454e-07,0.0,1.5
3,156,200,0.0,0.0,0.0170340740740741,0.0088457253086419,0.974120200617284,522.6750506446847,0.0,0.3773420479302833,0.3807407407407409,0.6245579405136881,0.3231777777777778,0.0011555555555555,0.3618444444444444,0.0495111111111111,0.1094,0.0103111111111111,0.0170888888888889,0.0027777777777777,0.0365555555555555,0.0069777777777777,0.0811333333333333,0.0033601683890034,0.0033873840286758,0.0095063028063098,0.0106629222222222,5.888888888888889e-07,0.0032473616161616,6.116464646464645e-05,0.0006055636363636,8.537373737373734e-06,1.2810101010101007e-05,1.3585858585858583e-06,3.688888888888888e-05,2.1131313131313127e-06,0.0002309363636363,0.0,1.88
4,201,232,0.0,0.0039261610243055,0.0164967230902778,0.0030894314236111,0.976487684461806,185.93095037524247,1.0,0.3741421568627454,0.4287990196078433,0.5259208379310452,0.392125,0.3285625000000001,0.1109999999999999,0.03225,0.03396875,0.00090625,0.0046875,0.005125,0.005125,0.0041875,0.08190625,4.821346628467924e-06,4.822896900695772e-05,0.0004536764491578,0.0002099193548387,0.0035547056451612,0.0026983225806451,1.56774193548387e-05,9.074092741935492e-05,5.700604838709683e-06,4.608870967741934e-06,4.354838709677418e-07,4.333870967741932e-05,8.024193548387097e-07,9.82963709677418e-06,0.90625,1.34
5,233,264,0.0,0.00429443359375,0.0294788953993056,0.0010729383680555,0.965153732638889,139.2706768488652,1.0,0.403308823529412,0.3768382352941179,0.5959954363372908,0.4025312499999999,0.3169375,0.10275,0.051625,0.01290625,0.0089375,0.00778125,0.0030625,0.0114375,0.00596875,0.0763437499999999,3.2850268507149815e-05,0.0001045348563207,0.0002933034078122,1.948286290322576e-05,1.7931451612903275e-05,1.999999999999996e-06,1.269354838709677e-05,1.4861895161290329e-05,3.995967741935485e-06,8.860887096774183e-07,1.895161290322584e-07,3.2217741935483866e-06,3.125000000000003e-08,2.5554435483871022e-06,0.6875,1.34
6,265,294,0.0,0.0014721527777777,0.0264136574074074,0.0223552199074074,0.949758969907408,532.5105710848778,1.0,0.413856209150327,0.3958169934640524,0.6541413428096124,0.3064999999999999,0.0484666666666666,0.3145999999999999,0.1038666666666667,0.0899,0.0080666666666666,0.0378333333333333,0.0017,0.0076666666666666,0.0012,0.0803,3.789877456504354e-05,5.6141095157919e-05,0.0001050187675591,0.0004170862068965,0.0026209471264367,0.0016308689655172,0.0001203954022988,0.0002354724137931,4.091954022988503e-07,3.517816091954019e-05,2.862068965517242e-07,6.091954022988503e-06,8.551724137931029e-07,4.286206896551724e-06,0.0333333333333333,1.25
7,295,322,0.0,0.0109697296626984,0.0453004092261905,0.0,0.943729861111111,80.02293546069345,1.0,0.4736694677871149,0.2900560224089635,0.2817053306962511,0.5291428571428572,0.0846428571428571,0.2238571428571429,0.0151785714285714,0.0116071428571428,0.005,0.0119285714285714,0.001,0.0086785714285714,3.571428571428572e-05,0.1090357142857143,0.0002293786069257,0.0006122797702959,0.0050002597380368,0.0025820529100529,7.705291005291009e-05,0.0004470158730158,0.0004063002645502,0.0002086917989417,4.4444444444444454e-07,8.236507936507928e-05,7.40740740740741e-08,9.669312169312174e-07,3.5714285714285725e-08,3.1665343915343885e-05,0.9642857142857144,1.17
8,323,363,0.0,0.0070929454607046,0.104549178523035,0.0188614498644986,0.869496426151762,261.0930741781333,1.2564102564102564,0.3556193208990915,0.4231468197034912,0.6103924133451867,0.2194146341463415,0.0871463414634146,0.2148292682926829,0.1813170731707317,0.1813902439024389,0.0017560975609756,0.0103658536585365,0.0032682926829268,0.0286585365853658,0.0012682926829268,0.0706097560975609,0.0004970696073742,0.0006226873341397,0.0062454127210493,0.0026947487804878,0.0003460780487804,7.874512195121957e-05,0.0010131219512195,0.001044043902439,4.89024390243903e-07,4.937804878048781e-06,4.51219512195122e-07,0.0001821304878048,2.51219512195122e-07,3.609390243902438e-05,0.951219512195122,1.71
9,364,407,0.0,0.0067724984217171,0.0493950284090909,0.0013893781565656,0.942443095012626,140.14331910740842,1.0,0.4361853832442067,0.2858288770053478,0.6070530009395383,0.5404545454545453,0.0716136363636363,0.1617954545454545,0.0362954545454545,0.044090909090909,0.0011590909090909,0.0028181818181818,0.0009545454545454,0.005090909090909,2.272727272727273e-05,0.1355454545454545,8.35912029281306e-05,0.0005881214982365,0.0001145615450044,0.0029699281183932,9.159143763213532e-05,0.0001496083509513,0.0003615153276955,0.0006661310782241,1.3689217758985197e-07,1.5010570824524309e-06,3.234672304439748e-07,3.014799154334035e-06,2.272727272727277e-08,0.0001227188160676,1.0,1.84
10,408,423,0.0,0.0099552734375,0.067672265625,0.0116842230902778,0.910688237847222,281.93533654027345,3.375,0.4259803921568628,0.2299019607843137,0.5026337207878162,0.4299375,0.00725,0.22125,0.066625,0.2452499999999999,6.25e-05,0.002625,0.0019375,0.0156875,0.0009375,0.008625,5.895168524926311e-06,0.0003011662181212,0.0007752597674473,0.0006207291666666,0.0003363333333333,0.0001562,5.478333333333336e-05,0.0030851333333333,6.249999999999998e-08,2.5e-07,6.249999999999998e-08,5.829166666666667e-06,6.25e-08,0.00119025,1.0,0.67
11,424,438,0.0,0.00869625,0.0699008333333333,0.0041962731481481,0.917206643518519,470.8522109134101,5.8,0.4896732026143791,0.2799999999999999,0.6278650892524203,0.3800666666666667,0.0275333333333333,0.1873333333333333,0.0888666666666666,0.2469333333333333,0.0054666666666666,0.0136666666666666,0.0090666666666666,0.0224666666666666,0.0171333333333333,0.0009333333333333,0.0003512202266527,0.0002785741747679,0.0014754753901691,0.0003369238095238,5.2552380952381e-05,8.952380952380955e-05,6.583809523809523e-05,8.34952380952381e-05,2.1238095238095244e-06,9.0952380952381e-06,4.066666666666668e-06,2.838095238095239e-06,2.069523809523809e-05,6.666666666666668e-08,1.0,0.63
12,439,460,0.0,0.0132330650252525,0.0806723011363636,0.0253129577020202,0.880781676136364,168.1216046017845,1.3636363636363635,0.3812834224598931,0.4279857397504458,0.5729971705663444,0.239590909090909,0.1174999999999999,0.1924545454545454,0.1541363636363636,0.2169090909090909,0.0013636363636363,0.0077727272727272,0.0042272727272727,0.0144545454545454,0.0017727272727272,0.0495909090909091,0.0006238359871577,0.001052042920555,0.0007294960531753,0.0011156818181818,0.001038738095238,1.7593073593073624e-05,0.0001825995670995,0.0001007532467532,1.2900432900432913e-06,7.993506493506496e-06,3.0411255411255428e-06,2.740259740259741e-05,1.1612554112554125e-05,0.0001316818181818,1.0,0.92
13,461,504,0.0289932765151515,0.0,0.0,0.0039882654671717,0.967018458017677,2452.643168787726,0.0,0.372816399286987,0.6016042780748665,0.3766016634936072,0.2493863636363636,0.02575,0.1016136363636363,0.0198409090909091,0.0077727272727272,0.0159318181818181,0.3843181818181819,0.0652272727272727,0.0158863636363636,0.0898863636363636,0.0242499999999999,0.0248029095981135,0.0898919508109176,0.0074937669946802,0.0467608937632135,0.0007967499999999,0.0021639170190274,0.0006350206131078,0.0011231564482029,0.0003447626849894,0.1143050591966173,0.0053972494714587,0.0003022891120507,0.0059852193446088,0.0004846569767441,0.0,1.84
14,505,543,0.0013368678774928,0.0008158564814814,0.0703612268518519,0.0065050302706552,0.920981018518518,260.9191810099323,1.2142857142857142,0.4870789341377574,0.4006033182503773,0.5250538839833978,0.1865897435897436,0.0904871794871795,0.4026666666666667,0.0693589743589743,0.039025641025641,0.0085897435897435,0.0365128205128205,0.0047435897435897,0.1566923076923077,0.0049230769230769,0.0002820512820512,0.0024655937895784,0.0087047803165086,0.0114316215225815,0.0065396693657219,0.0004699932523616,0.007042596491228,0.0017228677462887,0.0005121835357624,1.1248313090418347e-05,0.011041624831309,9.143049932523618e-06,0.0173487975708501,0.0009452307692307,3.6572199730094505e-07,0.358974358974359,1.63
15,544,580,0.0,0.005410548048048,0.0330622372372372,0.0,0.961527214714715,51.102191567308026,1.0,0.4806571277159511,0.4281928987811341,0.4361244045106677,0.1873783783783783,0.0753783783783784,0.3335405405405405,0.0248918918918919,0.0362432432432432,0.0037567567567567,0.002027027027027,0.0043783783783783,0.1216756756756756,0.0156486486486486,0.1952702702702702,0.0105032598919565,0.0162696722096952,0.0169426163851613,0.046796075075075,0.0018284084084084,0.0099094774774774,0.0001319879879879,0.0004121336336336,7.855855855855858e-06,2.1360360360360325e-05,6.77417417417418e-05,0.0295722807807807,8.801201201201203e-05,0.009505036036036,0.7027027027027027,1.54
16,581,637,0.0,0.0038719115497076,0.0578639315302144,0.0284626401072125,0.909801516812865,518.5085722642401,1.105263157894737,0.3431716546267629,0.3788097695218437,0.5902701674463144,0.3744912280701754,0.0019473684210526,0.3642280701754385,0.0563333333333333,0.0559473684210526,0.0057719298245614,0.1141929824561403,0.0049649122807017,0.0084561403508772,0.0049473684210526,0.0089649122807017,7.915791015408586e-05,0.0004404128352407,0.0006297372581768,0.0015469329573934,0.0002161578947368,6.857769423558914e-06,1.1083333333333363e-05,3.407894736842104e-06,2.1491228070175467e-07,0.0002379085213032,9.630325814536328e-07,5.538220551378436e-06,7.550751879699272e-06,0.0014050701754385,1.0,2.38
17,638,679,0.0,0.0081099537037037,0.116876198743386,0.0103718832671958,0.864641964285714,70.97856481182839,1.3103448275862069,0.4980392156862745,0.2989729225023345,0.6100262633120056,0.2849523809523809,0.0746190476190476,0.3033571428571428,0.0402142857142857,0.1107380952380952,0.0007142857142857,0.0104523809523809,0.0436904761904761,0.1113571428571428,0.001047619047619,0.0190238095238095,0.0007509306926979,0.0004049545850541,0.0013978375925867,0.0008592171893147,0.0005756074332171,0.0015332108013937,0.0002728554006968,0.0049878077816492,1.135888501742162e-06,0.0002359610917537,0.0008168530778164,0.0009874547038327,1.2171893147502912e-06,2.2609175377468068e-05,0.6904761904761905,1.75
18,680,739,0.0,0.0085151504629629,0.0810991319444445,0.0018420949074074,0.908543622685185,131.19056291096612,1.6111111111111112,0.4027450980392153,0.3136601307189542,0.5881911129431276,0.3727333333333334,0.0037833333333333,0.2814333333333333,0.0913,0.1154166666666666,0.00025,0.0387833333333333,0.0086333333333333,0.0859333333333333,0.00055,0.0008833333333333,0.0010026391413993,0.0003985385890259,0.0048770863886152,0.0063011480225988,0.000200952259887,0.0070781480225988,0.0002835355932203,0.0005938064971751,1.9067796610169482e-07,4.26132768361582e-05,1.5625988700564975e-05,0.0003112836158192,2.516949152542374e-07,2.172598870056497e-06,0.9,2.5
19,740,785,0.0252880208333333,0.0,0.0,0.0,0.974711979166667,871.6695744806063,1.0,0.1732310315430521,0.8548167092924123,0.3098406864300685,0.0139782608695652,0.0567608695652173,0.0076521739130434,0.0132826086956521,0.0181304347826087,0.0,0.0011521739130434,0.0001304347826086,0.0015217391304347,0.831413043478261,0.0558260869565217,0.001160787285455,0.0069398874828893,0.0029352009847926,0.0044992661835748,0.0039573859903381,0.0012816541062801,0.0001706072463768,8.99826086956521e-05,0.0,5.875410628019328e-05,3.826086956521746e-07,0.0001065217391304,0.031629047826087,0.0033546357487922,0.2608695652173913,1.92
20,786,804,0.0,0.0025677814327485,0.0641706871345029,0.0100526864035088,0.92320884502924,140.19244602680337,1.0,0.4546955624355006,0.4396284829721363,0.4142857616348438,0.1098421052631579,0.0023684210526315,0.7277368421052632,0.0453157894736842,0.029,0.0018947368421052,0.0035263157894736,0.0,0.030578947368421,0.0463157894736842,0.0032105263157894,0.0049424984992276,0.0108913575750217,0.0016146070879161,0.0006706959064327,0.0001065789473684,0.0308929824561403,8.245029239766089e-05,1.0888888888888896e-05,2.105263157894737e-07,9.298245614035088e-07,0.0,5.925730994152047e-05,0.0407578947368421,9.28421052631578e-05,0.8947368421052632,0.79
21,805,834,0.0,0.0044173032407407,0.088372662037037,0.0192356018518518,0.887974432870371,71.71352220189615,1.1363636363636365,0.4349019607843139,0.2788235294117647,0.510435275241225,0.3613333333333332,0.0438666666666666,0.4226333333333333,0.0528333333333333,0.0724,0.0004333333333333,0.0153666666666666,0.0014666666666666,0.0197333333333333,0.0,0.0097,0.0004490050245926,0.0008456694374842,0.0161594988873295,0.0045971954022988,0.0004120505747126,0.007774516091954,0.0005184195402298,0.000158248275862,3.2298850574712624e-07,1.665402298850575e-05,3.264367816091956e-07,4.082298850574713e-05,0.0,1.6562068965517242e-05,0.7333333333333333,1.25
22,835,848,0.0010279265873015,0.0083320436507936,0.092273685515873,0.0253952628968254,0.872971081349206,143.127098584589,1.3076923076923077,0.3700280112044817,0.4084033613445378,0.5332734633001329,0.2239285714285714,0.038,0.4292857142857142,0.113,0.1165,0.0027857142857142,0.0239285714285714,0.0034285714285714,0.0413571428571428,0.0027857142857142,0.0043571428571428,0.0003137423898669,0.0014168684064877,0.0016425775041119,0.0016879175824175,0.0001281538461538,0.000335912087912,0.0003375384615384,0.0001174999999999,6.42857142857143e-07,1.0225274725274725e-05,5.714285714285714e-07,6.163186813186814e-05,6.42857142857143e-07,7.087912087912086e-07,0.9285714285714286,0.58
23,849,900,0.0,0.011101375534188,0.0753630275106838,0.0552184495192308,0.858317147435897,77.07601536333259,2.0294117647058822,0.4756410256410251,0.3756410256410254,0.5986440602114494,0.2851730769230769,0.0377499999999999,0.438846153846154,0.0694615384615384,0.0449807692307692,0.0162884615384615,0.020826923076923,0.0026538461538461,0.0710576923076923,5.769230769230769e-05,0.0126730769230769,0.001585716828949,0.0088432572922701,0.0042031329407198,0.0373343420060331,0.0008663088235294,0.0265949562594268,0.0016873906485671,0.0003774309954751,0.0001364053544494,0.0001765773001508,1.0935143288084473e-06,0.0017202907239819,1.730769230769235e-07,7.967533936651579e-05,0.6538461538461539,2.17
24,901,950,0.0,0.0097714652777777,0.0456832986111111,0.0,0.944545236111111,60.16060845834571,1.0212765957446808,0.4521568627450976,0.4876078431372545,0.4776739796976501,0.0583,0.0005,0.8595399999999997,0.00634,0.02206,0.0021,0.0149,8e-05,0.03442,0.0,0.00164,2.4637305902753155e-05,7.256863529725611e-05,0.0005010865427356,0.0002265408163265,1.2500000000000034e-05,0.0022695595918367,2.39432653061224e-05,2.299632653061223e-05,9.316326530612248e-06,1.4214285714285718e-05,3.200000000000005e-07,0.0001306975510204,0.0,5.78612244897958e-06,0.94,2.09
25,951,997,0.0020311022458628,0.0069681294326241,0.0434789524231678,0.0083980939716312,0.939123721926714,64.7671251585668,1.0,0.3515227367542763,0.4317897371714642,0.5925139688925871,0.0923829787234042,0.0,0.4492340425531916,0.3567446808510638,0.0320212765957446,0.0122978723404255,0.0036382978723404,0.0,0.0532765957446808,0.0,6.382978723404255e-05,0.0002095685819266,0.0001037955585999,0.0005740879006313,3.593709528214614e-05,0.0,0.0041514005550416,0.003000455134135,3.2934320074005535e-05,2.648473635522666e-06,5.88806660499536e-06,0.0,1.829139685476412e-05,0.0,6.105457909343196e-08,0.7659574468085106,1.96
26,998,1053,0.0,0.0085902405753968,0.056157316468254,0.0,0.935252442956349,41.45100310158574,1.0,0.3534313725490195,0.3432072829131652,0.3096742162810577,0.1723392857142859,0.0010714285714285,0.3879821428571427,0.2249464285714287,0.1762321428571429,0.002375,0.0003392857142857,0.0,0.024125,0.0,0.0101071428571428,7.304882737408668e-06,0.0001856578638585,0.0019299113136698,0.0001073555194805,1.038961038961039e-07,1.3108766233766256e-05,0.0005487425324675,0.0004533451298701,2.2750000000000024e-06,5.918831168831176e-07,0.0,2.9929545454545427e-05,0.0,3.733766233766232e-06,1.0,2.34
27,1054,1101,0.0202270471643518,0.0,0.0,0.0,0.979772952835649,682.565109919465,1.0,0.1656045751633988,0.8633986928104579,0.2965677206658474,0.0071875,0.0326458333333333,0.0098125,0.0152916666666666,0.0183958333333333,4.1666666666666665e-05,2.0833333333333333e-05,0.0,0.0005208333333333,0.8737083333333334,0.042125,0.0007651653346639,0.0059259259259259,3.853138687452342e-05,0.0006121555851063,2.3978280141843984e-05,0.0032074747340425,0.0009207216312056,0.0005196059397163,8.333333333333318e-08,2.083333333333329e-08,0.0,1.3020833333333377e-05,0.0166041684397163,4.283510638297871e-05,0.0208333333333333,2.0
28,1102,1121,0.0056629513888888,0.0,0.0,0.0,0.994337048611111,793.298812149236,0.0,0.227843137254902,0.6509803921568624,0.5010526563812505,0.0535,0.00155,0.4946499999999999,0.4,0.00135,0.0,0.00205,0.0,0.0,0.0444,0.00225,0.0002491349480968,0.0027681660899654,0.0026049181199368,0.0001361578947368,4.805000000000004e-05,0.0135021342105263,0.0082553684210526,1.3818421052631577e-05,0.0,3.657894736842109e-07,0.0,0.0,0.0394271999999999,0.00010125,0.0,0.84
29,1122,1130,0.0006198688271604,0.0107472608024691,0.0299644290123457,0.0,0.958668441358025,504.5440022502517,1.0,0.2971677559912853,0.5564270152505447,0.4845090214125873,0.1167777777777778,0.0,0.5743333333333334,0.2844444444444444,0.0044444444444444,0.0008888888888888,0.0028888888888888,0.0001111111111111,0.0125555555555555,0.0,0.0038888888888888,0.0043666965696954,0.0059225084369259,0.0024154508271419,0.0037306944444444,0.0,0.0088545,0.0247027777777777,3.727777777777778e-05,5.361111111111112e-06,2.6111111111111117e-06,1.1111111111111115e-07,0.0003680277777777,0.0,5.461111111111111e-05,0.2222222222222222,0.38
30,1131,1206,0.0,0.0165619106359649,0.0550975557383041,0.0016656706871345,0.926674862938596,81.66625502687599,1.0,0.441589267285861,0.3570175438596487,0.4951933812189191,0.4124210526315791,0.0,0.3730263157894736,0.0152894736842105,0.0132763157894736,0.0359210526315789,0.0109342105263157,0.0,0.041078947368421,0.0,0.0976447368421053,0.0001632516508495,0.0001925170480989,0.0017768027660468,0.0004148070175438,0.0,0.0004116526315789,4.37284210526316e-05,2.095964912280702e-06,2.748701754385964e-05,4.0356140350877206e-06,0.0,7.572701754385966e-05,0.0,0.0001695387719298,0.7105263157894737,3.17
31,1207,1245,0.0,0.0187204237891738,0.0608325231481481,0.001330876068376,0.919116176994302,83.04491559865102,1.0,0.4922071392659626,0.4908999497234788,0.5668178241851255,0.2276666666666667,0.0,0.3904871794871795,0.0168974358974359,0.0038974358974358,0.1133846153846154,0.0077435897435897,0.0009743589743589,0.0575897435897435,0.0,0.1815897435897436,5.007935803783551e-05,0.0004491161657433,8.229378718710782e-05,0.0007785438596491,0.0,0.0001864143049932,3.372604588394061e-05,7.199730094466936e-06,0.0001946113360323,1.300944669365722e-06,3.940620782726045e-07,2.414304993252361e-05,0.0,0.0002634062078272,0.8461538461538461,1.63
32,1246,1271,0.0,0.0032397302350427,0.0950074385683761,0.0515224759615385,0.850230355235043,229.35222911502785,1.24,0.4087481146304678,0.2938159879336349,0.6144629573798045,0.4979999999999999,0.0043461538461538,0.2613846153846154,0.0652692307692307,0.019,0.0902692307692307,0.0161153846153846,0.0044615384615384,0.0293461538461538,0.0,0.0118076923076923,0.000288267825984,0.001682950344542,0.0003021951240668,0.0029739999999999,1.4955384615384597e-05,0.0005620061538461,8.98046153846154e-05,1.0800000000000002e-05,8.372461538461536e-05,3.386153846153847e-06,4.984615384615388e-07,4.42353846153846e-05,0.0,0.0010959215384615,0.9615384615384616,1.09
33,1272,1324,0.0,0.0064447392557652,0.076136982442348,0.0099739976415094,0.907444280660377,228.7779573696249,2.795918367346939,0.4204957454679982,0.2434332223455417,0.6168190163630267,0.420433962264151,0.0198113207547169,0.2635471698113208,0.0837735849056604,0.1669999999999999,0.003754716981132,0.0094339622641509,0.0048867924528301,0.0272075471698113,0.0,9.433962264150944e-05,8.969420603552616e-05,6.438296312292518e-05,0.0011323418073806,0.0002448272859216,1.300217706821481e-05,5.759869375907123e-05,4.0524673439767785e-05,0.0006381153846153,0.0001027271407837,2.904208998548621e-06,6.407837445573293e-07,6.283018867924528e-06,0.0,4.716981132075478e-07,0.9245283018867924,2.21
34,1325,1352,0.0,0.004625210813492,0.106043191964286,0.0335827876984127,0.855748809523809,261.5372825740556,2.857142857142857,0.404621848739496,0.2950980392156861,0.4497573860590812,0.5066071428571428,0.0070714285714285,0.3113928571428571,0.0332857142857143,0.0171785714285714,0.0417142857142857,0.0059642857142857,0.0337142857142857,0.0204642857142857,0.0064642857142857,0.0159285714285714,0.0002415635825862,0.0001408290258732,0.0189100936973105,0.0005203214285714,1.4735449735449728e-05,0.0001583955026455,0.000144656084656,0.0007142261904761,0.0001615449735449,2.7023809523809515e-06,5.198941798941801e-05,1.4332010582010582e-05,2.5517195767195765e-05,2.0216931216931217e-05,1.0,1.17
35,1353,1421,8.81692834138486e-05,0.0106065770933977,0.0699184581320451,0.008101268115942,0.911285527375201,263.1918735382839,2.27536231884058,0.4147200909349242,0.2700767263427112,0.5549625615532111,0.3764492753623189,0.0202753623188405,0.2401594202898551,0.1155217391304348,0.2009855072463768,0.0052898550724637,0.0073768115942029,0.0091449275362318,0.0228695652173913,0.0013768115942028,0.0002463768115942,8.476640075149797e-05,4.4739825622842384e-05,0.001337255725121,0.0004789863597612,2.437766410912194e-06,0.0002758124467178,0.000103341432225,0.0005189262574595,1.9147485080988884e-06,1.4441602728047732e-06,2.497868712702473e-05,3.02685421994885e-06,5.267689684569491e-06,4.188405797101458e-06,1.0,2.88
36,1422,1435,0.0060300595238095,0.0,0.0,0.0,0.993969940476191,855.9564486228595,0.0,0.2260504201680672,0.576470588235294,0.5116154829267417,0.1433571428571428,0.0,0.4242857142857142,0.4294285714285714,0.001,0.0,0.0019285714285714,0.0,0.0,0.0,0.0,3.802425947754642e-06,1.3274101770545868e-32,5.503734889530855e-07,5.785714285714264e-06,0.0,6.52747252747254e-06,4.417582417582425e-06,2.025467189109172e-37,0.0,2.252747252747253e-07,0.0,0.0,0.0,0.0,0.0,0.58
37,1436,1449,0.000850992063492,0.0021055307539682,0.0258527033730159,0.0005896825396825,0.970601091269841,595.0731847670006,0.0,0.2627450980392157,0.5408963585434172,0.5196095936942827,0.1507857142857142,0.0022142857142857,0.4451428571428572,0.3767857142857142,0.0067142857142857,0.0027857142857142,0.003,0.0005714285714285,0.0107142857142857,0.0003571428571428,0.0007142857142857,0.0009700411084494,0.0042598155400923,0.0003094660653948,0.0046341813186813,3.6027472527472526e-05,0.0006945934065934,0.009023412087912,1.9142857142857143e-05,9.104395604395604e-06,3.538461538461538e-06,1.6483516483516484e-06,0.0001125274725274,8.626373626373627e-07,3.736263736263735e-07,0.0,0.58
38,1450,1480,0.0,0.0045126232078853,0.0749827508960574,0.0077667338709677,0.91273789202509,127.64927678352456,1.3076923076923077,0.4574320050600886,0.3420619860847564,0.6553593057637961,0.3597096774193548,0.0934193548387097,0.3988709677419354,0.0257096774193548,0.0100645161290322,0.0144193548387096,0.0187741935483871,0.002,0.0509677419354838,0.0240322580645161,0.002258064516129,0.0001625512106592,0.0006743146763238,6.895406060961388e-05,0.0025039462365591,0.0007438516129032,6.211612903225791e-05,1.667956989247312e-05,5.195698924731185e-06,8.651612903225816e-06,0.0001055806451612,2.666666666666667e-07,2.4565591397849464e-05,0.0001482322580645,1.0645161290322574e-06,0.8387096774193549,1.29
39,1481,1518,0.0,0.0054455774853801,0.0190654148391813,6.43731725146199e-05,0.975424634502924,24.676192021275927,1.0454545454545454,0.5541795665634677,0.2943240454076368,0.5230452123262223,0.3804473684210526,0.3879473684210527,0.1713157894736842,0.0138421052631579,0.0015263157894736,0.0178947368421052,0.0042368421052631,0.0001578947368421,0.0215263157894736,0.0007105263157894,2.631578947368421e-05,0.0008571383257232,0.0001861632165766,0.0227033126490768,0.0042663620199146,0.0058620512091038,0.0013582759601706,9.379800853485053e-06,6.34423897581793e-07,1.93456614509246e-06,3.0834281650071114e-05,2.98719772403983e-07,5.820199146514938e-05,1.918421052631577e-05,2.631578947368417e-08,0.5789473684210527,1.59
40,1519,1570,0.0,0.0044558961004273,0.0685980368589744,0.0060498197115384,0.92089624732906,85.98765383516935,1.2571428571428571,0.4460030165912514,0.2742835595776771,0.6247230765178244,0.4955769230769232,0.021326923076923,0.34125,0.0252115384615384,0.015,0.0206730769230769,0.0317499999999999,0.0012692307692307,0.0424615384615384,0.0048653846153846,0.0005961538461538,0.0004566059115214,0.0005587072613329,0.0007461304741441,0.0002080920060331,0.0001305380844645,0.0001301519607843,6.930731523378588e-05,2.2862745098039212e-05,2.924396681749623e-05,0.0001823480392156,3.574660633484164e-07,1.441025641025641e-05,1.2471719457013572e-05,2.454751131221717e-07,0.6730769230769231,2.17
41,1571,1585,0.0075557407407407,0.0,0.0,0.0,0.992444259259259,896.5972819275354,1.0,0.2504575163398693,0.5921568627450978,0.5345337462113684,0.116,0.0016,0.4742666666666666,0.3981333333333333,0.0019333333333333,0.0004,0.0047333333333333,0.0003333333333333,0.0022666666666666,0.0001333333333333,6.666666666666667e-05,0.0033368850808297,0.0093524468610973,0.001025814486475,0.0134885714285714,3.839999999999997e-05,0.0014024952380952,0.0112396952380952,1.3066666666666668e-05,2.399999999999998e-06,2.049523809523809e-05,1.6666666666666675e-06,7.706666666666673e-05,2.6666666666666657e-07,6.666666666666664e-08,0.0666666666666666,0.63
42,1586,1595,0.0015094791666666,0.0019215972222222,0.0195255902777778,6.29513888888889e-05,0.976980381944444,739.9979819988911,1.0,0.2831372549019608,0.5937254901960783,0.5161001890108232,0.0851999999999999,0.0,0.5010999999999999,0.3488,0.0026,0.0,0.0163,0.0004,0.0447,0.0007,0.0002,0.0019028578751762,0.0003014225297962,0.0005950255036369,0.0001617333333333,0.0,0.0038772111111111,0.0123863999999999,1.248888888888889e-05,0.0,0.0002340111111111,2.666666666666667e-07,0.0020280111111111,1.5666666666666668e-06,1.7777777777777776e-07,0.8,0.42
43,1596,1618,0.0,0.003728804347826,0.0774405948067633,0.0009310537439613,0.917899547101449,109.59061306134656,1.7826086956521738,0.448763853367434,0.5604433077578856,0.5693894602098459,0.0514782608695652,0.0,0.4921304347826088,0.1107826086956522,0.0229565217391304,0.0062608695652173,0.075391304347826,0.0006086956521739,0.2347391304347826,0.0041739130434782,0.0013478260869565,0.0002430199391234,4.881065810808517e-05,0.0012668571458938,9.63517786561265e-05,0.0,0.0005727549407114,8.272332015810277e-05,8.316205533596839e-06,1.74703557312253e-06,9.224901185770746e-05,2.4901185770751004e-07,0.0006712015810276,6.241106719367589e-06,8.735177865612652e-07,1.0,0.96
44,1619,1647,0.0,0.0042649066091954,0.0978214679118774,0.0020937739463601,0.895819851532567,108.73087418217628,2.896551724137931,0.5434753211629478,0.4505747126436782,0.3236304400538966,0.0267586206896551,0.0,0.5327931034482759,0.1681724137931034,0.0020344827586206,0.0546551724137931,0.0183448275862069,0.0012413793103448,0.1674827586206896,0.0008965517241379,0.0273793103448275,0.0003125361030145,0.0005704891828266,0.001855933847004,9.47536945812808e-06,0.0,0.0001372413793103,0.0001612192118226,1.353448275862069e-05,8.251970443349748e-05,0.0001041625615763,1.8965517241379323e-07,0.0002359729064039,2.331034482758617e-05,2.5958128078817728e-05,1.0,1.21
45,1648,1663,0.0,0.0095898871527777,0.0320838541666667,0.0,0.958326258680556,43.30700530075924,1.6666666666666667,0.4269607843137256,0.5600490196078429,0.4693509152125471,0.033375,0.0,0.7737499999999999,0.0274375,0.0204375,0.005125,0.020375,0.00025,0.117375,0.0,0.0018125,0.0021261053440984,0.0021042547738049,0.0046024720427314,5.238333333333334e-05,0.0,0.0076221999999999,0.0013933291666666,2.98625e-05,0.0002091833333333,2.0516666666666663e-05,3.3333333333333325e-07,0.0030423833333333,0.0,5.256250000000003e-05,0.1875,0.67
46,1664,1685,0.0,0.0029860164141414,0.0958171085858586,0.0026510890151515,0.898545785984849,76.11152281131398,1.380952380952381,0.5402852049910872,0.4568627450980393,0.4035762412339604,0.0404090909090909,0.0,0.5806818181818181,0.1350454545454545,0.0044090909090909,0.0751363636363636,0.0089545454545454,0.0014545454545454,0.1382272727272727,0.0,0.0154545454545454,0.0025835218222761,0.0009384668900239,0.0081919778719498,8.806277056277057e-05,0.0,0.0025827987012987,0.0024528073593073,1.1967532467532462e-05,0.0004739329004329,5.0930735930735926e-06,7.359307359307361e-07,0.0029775173160173,0.0,8.559307359307358e-05,0.9545454545454546,0.92
47,1686,1696,0.008363005050505,0.0,0.0,0.0,0.991636994949495,735.8486027714896,1.0,0.2549019607843137,0.6085561497326203,0.5179248830231665,0.0789999999999999,0.0,0.311,0.5787272727272728,0.0014545454545454,0.0137272727272727,0.0053636363636363,0.0,0.0053636363636363,0.0,0.0053636363636363,0.0060899653979238,0.0011620705323127,0.0001464777868908,8.140000000000005e-05,0.0,0.0027873999999999,0.0161164181818181,2.2727272727272745e-06,0.0020728181818181,4.5454545454545457e-07,0.0,0.0003164545454545,0.0,0.0003164545454545,0.0909090909090909,0.46
48,1697,1711,0.001089537037037,0.0055471527777777,0.0372090046296296,0.0,0.956154305555556,555.7507130044047,1.0,0.3372549019607843,0.6044444444444443,0.5065948645118891,0.0668,0.0004666666666666,0.3285333333333333,0.4414666666666667,0.0185333333333333,0.0864,0.0035333333333333,0.0002,0.0098666666666666,0.0,0.0441333333333333,0.014649310704674,0.0007268999102909,0.000137677337569,0.0004111714285714,2.666666666666667e-07,0.0138096952380952,0.0446955523809523,0.0020875523809523,0.0091199714285714,6.952380952380953e-07,3.142857142857143e-07,5.183809523809525e-05,0.0,0.0054961238095238,0.7333333333333333,0.63
49,1712,1721,0.0,0.0064452430555555,0.107579826388889,0.0010452777777777,0.884929652777778,89.43970265317208,1.0,0.628235294117647,0.4396078431372549,0.4082917937936702,0.1219,0.0043999999999999,0.0902999999999999,0.0331,0.244,0.3753999999999999,0.0028,0.0019,0.0670999999999999,0.0,0.0595,0.0006315519671921,0.0007055406040411,0.0006209525531793,0.0007456555555555,1.8222222222222223e-06,0.0003106777777777,1.4322222222222218e-05,0.0009026666666666,0.0016173777777777,1.5111111111111112e-06,5.444444444444444e-07,7.987777777777775e-05,0.0,0.0001462777777777,0.2,0.42
50,1722,1740,0.0,0.0021116776315789,0.0639149671052632,0.0,0.933973355263158,367.47827533411686,1.0,0.5364293085655314,0.3793601651186792,0.5110804802815186,0.2957894736842106,0.0002631578947368,0.146,0.1524736842105263,0.1621578947368421,0.1846315789473684,0.0048947368421052,0.0012631578947368,0.0217894736842105,0.0009473684210526,0.029578947368421,0.0003803305521268,0.000307304208233,0.001442775970289,0.0018173976608187,1.3157894736842114e-06,0.0002407777777777,0.0007862631578947,0.0004152514619883,0.0018345789473684,1.4327485380116954e-06,5.380116959064328e-07,0.0001632865497076,5.26315789473684e-08,0.0001717017543859,0.2631578947368421,0.79
51,1741,1762,0.0,0.009359769570707,0.0780816603535354,0.0,0.912558570075758,132.79227349944895,1.0,0.5639928698752227,0.3821746880570412,0.593337609818473,0.3834999999999999,0.0057272727272727,0.1051363636363636,0.0253636363636363,0.1667272727272727,0.2194545454545455,0.0019090909090909,0.0007272727272727,0.0305454545454545,4.545454545454546e-05,0.060590909090909,0.0001268909227386,0.000106519137661,0.0005522369655804,0.0006957857142857,6.77922077922078e-06,0.0003813614718614,0.0008463376623376,0.000613922077922,8.549783549783555e-05,2.086580086580087e-06,4.935064935064938e-07,3.149783549783548e-05,4.5454545454545444e-08,7.863419913419917e-05,0.8636363636363636,0.92
52,1763,1779,0.0,0.0,0.0148368668300654,0.0152373161764706,0.969925816993464,408.0757367336699,0.0,0.31118800461361,0.5056516724336794,0.5232980282025851,0.079,0.000235294117647,0.2844117647058823,0.4911764705882354,0.0551764705882353,0.0196470588235294,0.001,0.0019411764705882,0.0204117647058823,0.0,0.0471176470588235,0.0041136893050184,0.0010793360019901,0.0015614178284464,0.00513225,9.411764705882348e-07,0.0026690073529411,0.0147812794117647,0.0018977794117647,0.0028568676470588,1.9983403963978888e-37,3.088235294117647e-07,1.9507352941176476e-05,0.0,1.3360294117647064e-05,0.0,0.71
53,1780,1801,0.0,0.0,0.0918625789141414,4.87689393939394e-06,0.908132544191919,197.01610502194856,1.0,0.2632798573975044,0.4169340463458111,0.3451506426725949,0.1664545454545454,0.0127727272727272,0.2873636363636364,0.4369545454545455,0.0270454545454545,0.004,0.0133181818181818,0.014090909090909,0.0350454545454545,0.0006818181818181,0.0024545454545454,8.245246999572249e-05,0.0006830872574817,0.0093407379928528,0.001107974025974,1.7517316017316013e-05,0.0002834805194805,0.0021689025974025,2.661688311688311e-05,2.476190476190475e-06,9.084415584415584e-06,9.61038961038961e-06,1.3569264069264068e-05,2.272727272727273e-07,9.483116883116888e-05,0.0909090909090909,0.92
54,1802,1811,0.0099533333333333,0.0,0.0,0.0,0.990046666666667,942.941925227294,0.0,0.2392156862745098,0.5988235294117645,0.5077440317385984,0.0852999999999999,0.0012,0.4475999999999999,0.4519,0.0042,0.0003,0.0048,0.0010999999999999,0.003,0.0001,0.0,8.559688641721049e-34,0.004319876970396,0.0001873589329317,0.0001253444444444,1.440000000000001e-05,0.0047751555555555,0.0007352111111111,0.0001024,9.000000000000006e-07,6.399999999999999e-06,1.2099999999999994e-05,8.999999999999999e-05,1.0000000000000001e-07,0.0,0.0,0.42
55,1812,1824,0.0014936965811965,0.0035326655982906,0.041973985042735,0.0,0.952999652777778,699.4171228924304,1.0,0.3140271493212669,0.5806938159879336,0.4686059862819292,0.069,0.0003846153846153,0.4569999999999999,0.3261538461538462,0.0762307692307692,0.032076923076923,0.003,0.0,0.0054615384615384,0.0,0.0303846153846153,0.0100921736215853,0.0042995297666577,0.0043693633678331,0.0007363333333333,5.897435897435897e-07,0.0059715,0.0255738076923076,0.0146830256410256,0.0019707435897435,6.666666666666666e-07,0.0,1.3269230769230767e-05,0.0,0.002904923076923,0.6923076923076923,0.54
56,1825,1870,9.84601449275362e-05,0.0037962409420289,0.115965511775362,0.0,0.880139787137681,154.9354193496332,1.0,0.6509803921568632,0.37306052855925,0.5192101501434463,0.2274782608695652,0.003,0.202195652173913,0.0088043478260869,0.2076521739130435,0.2628478260869565,0.0030869565217391,0.0,0.031195652173913,0.0,0.0536086956521739,4.85283437993935e-05,2.4338465138826205e-05,0.0002182185722282,4.3543961352657006e-05,1.730327684410407e-36,1.3138647342995131e-05,6.053140096618355e-07,3.969855072463769e-05,2.6309661835748794e-05,2.570048309178744e-06,0.0,9.138647342995171e-06,0.0,1.8154589371980672e-05,0.7391304347826086,1.92
57,1871,1897,0.0011619341563786,0.01273141718107,0.0953381172839506,0.0,0.890768531378601,280.8389752910979,1.7037037037037035,0.5683369644153957,0.4649237472766885,0.5361419976935887,0.1545185185185185,0.084037037037037,0.2056296296296296,0.0804444444444444,0.1205925925925925,0.2512962962962963,0.0228518518518518,0.0014074074074074,0.0517777777777777,0.0015555555555555,0.0261481481481481,0.0004092224007641,0.0003245300131113,0.0002633859956898,0.0002511054131054,0.0002755754985754,0.000121396011396,0.000233641025641,0.0002617122507122,0.0002175242165242,8.746438746438752e-06,4.045584045584046e-07,1.2410256410256417e-05,3.333333333333335e-07,1.220797720797721e-05,1.0,1.13
58,1898,1944,0.0,0.0130085254137116,0.118789361702128,0.0,0.868202112884161,98.02427991355782,1.0212765957446808,0.61026282853567,0.4304547350855234,0.5932241460875614,0.1889999999999999,0.0073404255319148,0.2676382978723404,0.0091702127659574,0.1250212765957446,0.2777872340425532,0.0052340425531914,0.0005744680851063,0.0677446808510638,0.0007021276595744,0.0497872340425531,0.0005299320940035,0.0004922606796432,0.0029846852536434,0.000681,0.0001559250693802,0.0002124967622571,0.0001441008325624,0.0006375430157261,0.0013167798334875,8.965772432932466e-06,2.9324699352451457e-07,5.915078630897319e-05,5.180388529139691e-07,0.0002960407030527,1.0,1.96
59,1945,1968,0.0092461660879629,0.0,0.0,0.0,0.990753833912037,785.6296337185355,1.0,0.2410130718954249,0.6385620915032678,0.5158377744564936,0.049125,0.0002916666666666,0.5136666666666666,0.4089583333333333,0.0059583333333333,0.01275,0.004125,0.0,0.0024166666666666,4.1666666666666665e-05,0.0025833333333333,0.0066408961993436,0.0017326669229783,0.0003593068735262,0.0007773315217391,2.04166666666667e-06,0.0030829275362318,0.0073936068840579,0.0005900416666666,0.0039015,6.358695652173913e-07,0.0,0.0001401666666666,4.166666666666664e-08,0.0001601666666666,0.0416666666666666,1.0
60,1969,1977,0.0010009645061728,0.0019328317901234,0.0121288194444444,0.0007241898148148,0.984213194444444,519.9073415392286,0.0,0.322875816993464,0.5224400871459695,0.4869041840537387,0.0945555555555555,0.0,0.6384444444444444,0.2462222222222222,0.007,0.0077777777777777,0.0024444444444444,0.0006666666666666,0.0023333333333333,0.0,0.0007777777777777,0.0111841599384851,0.0189457046435131,0.0020125011917198,0.0059875277777777,0.0,0.0125387777777777,0.0340561944444444,7.375e-05,0.0001086944444444,2.777777777777778e-07,1.25e-06,2.5e-06,0.0,6.944444444444445e-07,0.0,0.38
61,1978,2001,0.0,0.0028036747685185,0.027474146412037,0.00758359375,0.962138585069444,77.46670976015032,1.0,0.6410130718954247,0.2042483660130719,0.5862783352340053,0.3723749999999999,0.001125,0.545,0.0015416666666666,0.0204166666666666,0.0177083333333333,0.0010416666666666,0.0011666666666666,0.027125,0.000125,0.0121666666666666,0.0002741141924232,0.0001937939142693,0.0029266872183091,0.0005494619565217,5.489130434782608e-07,0.000465652173913,8.677536231884066e-07,3.19927536231884e-05,6.447644927536231e-05,3.8949275362318825e-07,4.057971014492754e-07,3.959239130434784e-05,1.1413043478260868e-07,3.518840579710144e-05,0.3333333333333333,1.0
62,2002,2026,0.0,0.004693375,0.0509508333333333,0.0447707916666667,0.899585,259.6031873756513,1.96,0.5449411764705882,0.280156862745098,0.6369621205263603,0.4022400000000001,0.01964,0.4034400000000001,0.01636,0.01784,0.04296,0.00196,0.00168,0.0524,0.02584,0.01576,0.0002838395488914,0.0002025887479174,0.0004179264407448,0.0002325233333333,4.874e-05,0.0008884233333333,2.9739999999999996e-05,1.3306666666666666e-05,6.837333333333335e-05,5.400000000000002e-07,6.433333333333332e-07,3.791666666666667e-05,4.972333333333334e-05,4.69e-06,1.0,1.04
63,2027,2035,0.0,0.0034445987654321,0.0357975308641975,0.0038034722222222,0.956954398148148,200.23824831500497,2.0,0.6004357298474945,0.2461873638344226,0.5778551507670344,0.3231111111111111,0.002,0.5313333333333333,0.0277777777777777,0.0277777777777777,0.02,0.0021111111111111,0.0003333333333333,0.0497777777777777,0.0094444444444444,0.0073333333333333,0.0002246999017471,8.372848049895332e-05,0.0001746376905619,0.0017948611111111,3.599999999999999e-05,0.00384875,4.444444444444442e-05,3.569444444444444e-05,0.0001105,1.111111111111111e-07,1.0000000000000004e-06,5.894444444444447e-05,1.8777777777777777e-05,6.499999999999998e-06,0.1111111111111111,0.38
64,2036,2053,0.0,0.0113291087962963,0.107899305555556,0.016044849537037,0.864726736111111,72.2637373616456,1.1111111111111112,0.6015250544662307,0.2372549019607843,0.6591613678299855,0.5097777777777778,0.0115,0.3339444444444444,0.0074444444444444,0.018,0.0318333333333333,0.002,5.555555555555556e-05,0.0297777777777777,0.0264444444444444,0.0291111111111111,0.0002662123416584,0.0002211818983648,0.0003546982896637,0.0031310065359477,8.735294117647058e-06,0.0032588790849673,3.202614379084968e-05,9.176470588235295e-06,2.16764705882353e-05,7.965702894983972e-37,5.5555555555555535e-08,4.430065359477121e-05,6.673202614379086e-05,9.363398692810456e-05,0.5,0.75
65,2054,2066,0.0,0.0018583333333333,0.0192991185897436,0.0118379540598291,0.967004594017094,394.67986783661166,1.0,0.6766214177978884,0.2232277526395174,0.6283977031502637,0.4517692307692308,0.0069230769230769,0.3858461538461538,0.006,0.011076923076923,0.0326153846153846,0.002076923076923,0.0008461538461538,0.0863846153846153,0.0026153846153846,0.0133076923076923,0.0009806879011031,0.0001421543982097,0.0002303891498156,7.969230769230758e-05,1.191025641025641e-05,0.000111141025641,1.6666666666666665e-07,9.102564102564102e-07,3.4230769230769285e-06,7.692307692307695e-08,1.4102564102564104e-07,0.0002390897435897,8.892307692307687e-05,4.056410256410257e-05,0.1538461538461538,0.54
66,2067,2090,0.0,0.0066349826388888,0.0319858362268519,0.0017500868055555,0.959629094328704,56.12582791203108,1.0,0.6348039215686273,0.2754901960784313,0.6462185757005809,0.2552916666666667,0.0005,0.5537916666666667,0.0200416666666666,0.0029166666666666,0.0332083333333333,0.005375,4.1666666666666665e-05,0.0996666666666666,0.0112083333333333,0.01775,0.0001956605319024,0.0001487722113568,9.145575606118452e-05,0.001635259057971,6.000000000000005e-06,0.0012646938405797,9.259057971014496e-06,3.2971014492753588e-06,2.1737318840579707e-05,8.532608695652177e-07,4.166666666666664e-08,4.101449275362318e-05,6.1721014492753656e-06,3.7608695652173896e-06,0.2083333333333333,1.0
67,2091,2101,0.0075522095959595,0.0,0.0,0.0,0.99244779040404,677.385903888372,0.0,0.2698752228163993,0.6060606060606059,0.526305560038421,0.0724545454545454,0.0,0.5215454545454544,0.3859090909090909,0.001090909090909,0.003,0.0033636363636363,0.0,0.0101818181818181,0.0009090909090909,0.0015454545454545,0.0131543811820628,0.0120918527838942,0.0014683466239864,0.0032372727272727,0.0,0.0001122727272727,0.0147298909090909,9.090909090909089e-08,9.9e-05,1.454545454545455e-06,0.0,0.0011403636363636,9.090909090909084e-06,2.6272727272727262e-05,0.0,0.46
68,2102,2110,0.0008297067901234,0.0034037808641975,0.026014737654321,0.0048062885802469,0.964945486111111,519.0659139262826,0.0,0.2832244008714596,0.579520697167756,0.4396893944056247,0.0788888888888888,0.0047777777777777,0.5647777777777777,0.3171111111111111,0.0036666666666666,0.0031111111111111,0.0074444444444444,0.0035555555555555,0.0161111111111111,0.0004444444444444,0.0003333333333333,0.0022290572002221,0.0030018369003374,0.010084350820372,0.0002031111111111,0.0001229444444444,0.0051426944444444,0.0134528611111111,2.675e-05,4.111111111111111e-06,6.977777777777778e-05,4.777777777777778e-06,0.0001011111111111,1.7777777777777782e-06,1e-06,0.0,0.38
69,2111,2119,0.0,0.007821412037037,0.0500655092592593,0.0348634259259259,0.907249652777778,152.81931735283297,1.5555555555555556,0.4649237472766885,0.4274509803921568,0.3952822170443546,0.1343333333333333,0.0372222222222222,0.592,0.0751111111111111,0.0322222222222222,0.0287777777777777,0.0308888888888888,0.0057777777777777,0.0464444444444444,0.0117777777777777,0.0056666666666666,0.0003426032722457,0.0001076509034986,0.0005848690954578,2.5000000000000045e-05,4.444444444444454e-07,0.000164,3.5611111111111104e-05,7.444444444444446e-06,2.0194444444444437e-05,2.3611111111111124e-06,1.944444444444445e-07,1.1027777777777784e-05,1.1944444444444452e-06,5.000000000000001e-07,1.0,0.38
70,2120,2135,0.0,0.0155132161458333,0.0533448350694444,0.0,0.931141948784722,34.85917036183148,1.0625,0.4747549019607843,0.3245098039215685,0.3767895935912986,0.2856875,0.00225,0.5279999999999999,0.0055625,0.047875,0.0164375,0.00275,0.00525,0.1048125,0.0008125,0.0004375,9.611687812380062e-07,0.0007535563244905,0.0001303865353728,0.0016178291666666,8.100000000000006e-05,0.0002210666666666,0.0003330624999999,2.185e-05,1.5862500000000003e-05,4.900000000000003e-05,1.533333333333334e-06,0.0002124291666666,1.0562500000000008e-05,3.062500000000001e-06,1.0,0.67
71,2136,2151,0.0137502170138889,0.0,0.0,0.0,0.986249782986111,837.8264349941472,1.0,0.2465686274509804,0.6100490196078429,0.5012879241081359,0.080875,0.0,0.288875,0.6123125,0.00375,0.000875,0.005375,0.0005,0.00725,0.0,0.0,0.0036947327950788,0.0060837498398052,0.0010777687824871,0.0032609166666666,0.0,0.0038343833333333,0.0265768958333333,0.0001209999999999,1.2250000000000005e-05,1.5833333333333348e-06,3.999999999999999e-06,0.000841,0.0,0.0,0.0625,0.67
72,2152,2167,0.0016314236111111,0.0079092881944444,0.0321953993055556,0.0,0.958263888888889,606.373348307263,1.0,0.2867647058823529,0.6183823529411765,0.496868609873247,0.0540625,0.0,0.265125,0.5530625,0.0105624999999999,0.0534999999999999,0.0118125,0.0001875,0.0145624999999999,0.0,0.036875,0.0021507112648981,0.0015249903883121,0.0013189455996074,0.0003007291666666,0.0,0.0040693166666666,0.0055685958333333,0.0006843958333333,0.0020688,1.61625e-05,1.6250000000000009e-07,6.759583333333332e-05,0.0,0.0014515833333333,0.75,0.67
73,2168,2181,0.0,0.0087326884920634,0.0490172123015873,0.0148400545634921,0.927410044642857,89.72886416515954,1.0,0.3605042016806722,0.4067226890756303,0.3603664655267564,0.374,0.0153571428571428,0.1023571428571428,0.1551428571428571,0.1314285714285714,0.0990714285714285,0.0122142857142857,0.0027857142857142,0.0211428571428571,0.0,0.0865714285714285,0.0001548854836052,0.0001358733538664,3.497381465737116e-05,0.0044364615384615,1.3016483516483517e-05,1.8862637362637352e-05,0.0050153626373626,2.364835164835169e-05,2.994505494505494e-06,2.3351648351648357e-06,6.42857142857143e-07,1.8241758241758235e-06,0.0,2.725274725274713e-06,1.0,0.58
74,2182,2226,0.0,0.0133970756172839,0.120876859567901,0.0014895756172839,0.864236489197531,407.011009245804,6.444444444444445,0.5328104575163404,0.4542047930283222,0.5772958574676332,0.2435777777777777,0.0111777777777777,0.1493555555555555,0.0348222222222222,0.1372222222222222,0.2357333333333333,0.0084222222222222,0.0026,0.0385999999999999,0.0009777777777777,0.1375111111111111,0.0007358009157317,7.779447687175472e-05,0.0015899031773086,0.0006725676767676,5.92222222222222e-06,7.33707070707071e-05,0.000278104040404,0.0001083585858585,0.000441609090909,4.431313131313131e-06,3.363636363636364e-07,1.5972727272727273e-05,6.767676767676775e-08,0.0001016191919191,1.0,1.88
75,2227,2242,0.0,0.0069946397569444,0.112729014756944,0.0006442057291666,0.879632139756944,175.34901898522864,3.875,0.529656862745098,0.4615196078431373,0.6070579279592251,0.2358125,0.00075,0.1359375,0.0226875,0.2058124999999999,0.1670625,0.0045625,0.003,0.0210625,0.00025,0.2030624999999999,0.0002326669229783,9.98974753300011e-05,0.0009359399918566,0.0002028291666666,2.2000000000000005e-06,0.0006928625,4.129583333333334e-05,0.0054202958333333,0.0026573958333333,6.395833333333334e-06,4e-06,8.206250000000002e-05,1.999999999999999e-07,0.0010612625,0.5,0.67
76,2243,2257,0.0,0.0142887268518519,0.112440046296296,0.0004456944444444,0.872825532407407,276.74444510170923,8.133333333333333,0.5445751633986927,0.4797385620915033,0.6286558734417919,0.2204666666666667,0.0002,0.147,0.0168666666666666,0.1846,0.1994666666666666,0.011,0.0069333333333333,0.031,0.0008666666666666,0.1817333333333333,1.0691858442723629e-05,8.055509785613617e-06,6.906775606231777e-05,9.409523809523828e-06,1.7142857142857146e-07,2.142857142857147e-06,2.666666666666666e-07,1.7685714285714314e-05,1.069523809523808e-05,1.857142857142857e-06,2.0952380952380958e-07,6.000000000000002e-06,1.2380952380952377e-07,3.5638095238095296e-05,1.0,0.63
77,2258,2286,0.0,0.004204849137931,0.13433284243295,0.0,0.861462308429119,357.1124258527733,1.4827586206896552,0.5764705882352941,0.430425963488844,0.5863244146673945,0.1906206896551724,0.0104482758620689,0.2148275862068965,0.0102068965517241,0.1859655172413793,0.2787241379310344,0.0178275862068965,0.0112758620689655,0.030103448275862,0.0006896551724137,0.0494482758620689,0.0001373098258911,0.000141324954593,0.0013726717928619,9.638669950738926e-05,5.256157635467983e-06,0.0006619334975369,2.7413793103448303e-06,9.2320197044335e-05,0.0006704926108374,4.290640394088671e-06,9.211822660098532e-07,6.223891625615763e-05,2.2167487684729058e-07,0.0005807561576354,1.0,1.21
78,2287,2349,0.0,0.0057790068342151,0.116628802910053,0.0,0.877592190255732,95.70214619702362,1.0666666666666669,0.480174291938997,0.4030501089324615,0.4006604116199369,0.2063492063492063,0.0001587301587301,0.3810952380952382,0.0258253968253968,0.1553809523809523,0.1153174603174603,0.0229841269841269,0.0001746031746031,0.0771428571428571,0.0008253968253968,0.0146507936507936,0.0002523980988839,0.0001088635608857,0.0003589794055298,4.935995903737837e-05,1.5873015873015816e-06,0.0003036682027649,1.943676395289299e-05,2.0013824884792653e-05,0.000262962109575,3.98545826932924e-05,1.9206349206349244e-06,3.993087557603688e-05,3.7224782386072773e-07,2.3424475166410628e-05,0.238095238095238,2.63
79,2350,2373,0.0,0.0081971354166666,0.0889471643518518,0.0,0.902855700231482,185.87940292786055,2.0,0.4501633986928106,0.5468954248366011,0.5616078294863517,0.075375,0.01275,0.23425,0.0142083333333333,0.4279999999999999,0.1229166666666666,0.0049166666666666,0.0048333333333333,0.0809583333333333,0.0042083333333333,0.0176666666666666,4.9451437295577446e-05,0.0009414160662844,0.0014075042689076,0.0007634619565217,4.2978260869565215e-05,0.0012835869565217,3.069384057971014e-05,0.0035706086956521,4.294927536231886e-05,3.660144927536231e-05,1.536231884057972e-06,0.0002429981884057,2.0851449275362318e-06,2.6492753623188404e-05,0.9166666666666666,1.0
80,2374,2473,0.0,0.0141971805555556,0.0945168020833333,0.0,0.891286017361111,100.49077393459748,2.117021276595745,0.4378431372549016,0.5656078431372555,0.5528163263280882,0.0488799999999999,0.1118499999999999,0.4247399999999999,0.0126799999999999,0.2922,0.0229699999999999,0.00568,0.00149,0.0639499999999999,0.00193,0.0134199999999999,0.0003316129383026,7.172222028046667e-05,0.0004734061621423,5.2732929292929245e-05,0.0007141691919191,0.000410861010101,4.846222222222214e-05,0.0002789494949494,0.0015087768686868,6.1389898989899e-06,3.3323232323232264e-07,0.0002076843434343,2.6777777777777775e-07,0.0001494581818181,0.94,4.17
81,2474,2493,0.0,0.0119673090277778,0.09375375,0.0,0.894278940972222,188.5901144839244,1.1,0.4899999999999999,0.3776470588235295,0.5423294826738567,0.24325,0.00755,0.2497999999999999,0.00905,0.2007,0.1366,0.02315,0.0016,0.10345,0.001,0.024,0.0003180558084947,0.0021985066472409,0.0006331814906569,0.0020488289473684,0.0007644710526315,0.0018329052631578,1.1026315789473672e-06,0.0004806421052631,0.0010724631578947,1.2976315789473685e-05,2.526315789473684e-07,0.0001057342105263,3.1578947368421055e-07,1.2736842105263154e-05,1.0,0.84
82,2494,2496,0.0,0.0,0.0,0.0,1.0,17.547246127154253,0.0,0.4627450980392156,0.3006535947712418,0.5075411718817472,0.3373333333333333,0.0,0.3536666666666666,0.0126666666666666,0.118,0.141,0.0029999999999999,0.0,0.0273333333333333,0.0,0.0063333333333333,0.0244675124951941,0.0123080866333461,0.028221923765106,0.1202643333333333,0.0,0.0377653333333333,0.0003163333333333,0.0038469999999999,0.0161709999999999,2.7e-05,0.0,0.0021603333333333,0.0,0.0001023333333333,0.0,0.13
83,2497,2525,0.0,0.0075739822796934,0.124156860632184,0.0002978448275862,0.867971312260536,76.98391789805889,1.8148148148148149,0.3392832995267072,0.1986477349560514,0.5223513641477502,0.6715172413793106,0.0,0.1593448275862069,0.0623793103448275,0.0622758620689655,0.0,0.0107931034482758,0.0067241379310344,0.0226896551724138,0.0028275862068965,0.0010689655172413,3.8030086950263545e-05,2.337107933098862e-05,0.0084276332921592,7.033004926108359e-05,0.0,2.444827586206897e-05,1.1600985221674892e-05,9.564039408867003e-06,0.0,2.8842364532019693e-06,1.7783251231527083e-06,1.636453201970443e-05,2.647783251231526e-06,6.650246305418719e-08,0.9310344827586208,1.21
84,2526,2550,0.0,0.0087161805555555,0.0786797916666667,0.0078983194444444,0.904705708333334,118.38148858279128,3.04,0.2724705882352941,0.3240784313725489,0.4670310229008735,0.30428,0.0294,0.19308,0.19752,0.22648,0.00052,0.00552,0.00492,0.03792,0.00024,4e-05,0.0002013584518774,0.0006534409842368,0.0010565666829734,0.0063967099999999,0.0001158333333333,0.0001608266666666,0.0008964266666666,0.0014244266666666,2.599999999999999e-07,6.010000000000002e-06,6.599999999999996e-07,0.0001017433333333,1.439999999999998e-06,4e-08,1.0,1.04
85,2551,2570,0.0,0.0050892534722222,0.0442407291666667,0.0659462673611111,0.88472375,249.00434561960716,1.5,0.3619607843137253,0.3413725490196077,0.5926109433164889,0.3299999999999999,0.01275,0.48335,0.1109,0.0196,0.0007,0.01345,0.0043,0.01805,0.00115,0.00555,0.0003983892834739,1.6957040814261666e-05,0.0014833563103171,0.0002507368421052,2.451315789473685e-05,0.00394845,0.0005058842105263,0.0018846736842105,3.263157894736843e-07,4.78684210526316e-06,7.473684210526316e-07,0.0001027868421052,2.394736842105264e-07,6.681578947368423e-06,0.2,0.84
86,2571,2575,0.0,0.0040371527777777,0.0361104166666667,0.0202581944444444,0.939594236111111,279.61747299943283,1.0,0.323921568627451,0.4094117647058823,0.5084054544239229,0.2346,0.0204,0.5367999999999999,0.1564,0.0082,0.0021999999999999,0.0166,0.007,0.012,0.0006,0.0058,0.0009734717416378,0.0037493271818531,0.0027193258009865,0.0094773,1.800000000000003e-06,0.0014116999999999,0.0061108,1.07e-05,3.2000000000000007e-06,7.999999999999991e-07,1.0499999999999998e-05,3.45e-05,3e-07,2.7e-06,0.2,0.21
87,2576,2622,0.0035717124704491,0.0,0.0,0.0,0.996428287529551,1441.9568473434122,0.0,0.215185648727576,0.6984564038381313,0.5069845914690134,0.0188085106382978,0.0002340425531914,0.7385319148936167,0.2346382978723404,0.0002340425531914,0.0,0.0070212765957446,0.0,0.0001063829787234,4.25531914893617e-05,0.0,8.131790199528347e-05,0.0007349909182442,0.0003719423297565,0.0001665060129509,2.5744680851063838e-06,0.0021996891766882,0.0013488445883441,4.875115633672533e-07,0.0,6.10823311748381e-06,0.0,2.710453283996296e-07,4.1628122109158135e-08,0.0,0.0,1.96
88,2623,2626,0.0036394965277777,0.0,0.0,0.0,0.996360503472222,1149.2845094087786,0.0,0.2284313725490196,0.692156862745098,0.5091735042323182,0.01025,0.008,0.69125,0.26675,0.0,0.0,0.0034999999999999,0.0015,0.0175,0.0005,0.0,0.0002293989491221,8.714596949891005e-05,6.108997738725136e-07,4.916666666666666e-06,3e-05,0.0015595833333333,0.0004009166666666,0.0,0.0,3.333333333333334e-07,1.6666666666666669e-06,0.0003636666666666,3.333333333333333e-07,0.0,0.0,0.17
89,2627,2725,7.39022166105499e-05,0.0,0.0,0.0770342627665545,0.922891835016835,462.2285878752666,0.0,0.7224400871459687,0.5239849475143603,0.3378226110851056,0.0186666666666666,0.0114747474747474,0.279181818181818,0.0088181818181818,3.0303030303030302e-05,0.3289696969696969,0.0098383838383838,0.0049191919191919,0.3346262626262627,0.002020202020202,0.0018484848484848,0.0068396160207002,0.0009992097452964,0.0008471124731537,0.0013213673469387,1.6966192537621107e-05,0.0047413135435992,0.0015991298701298,2.9684601113172392e-08,0.0065363970315398,1.00552463409606e-05,4.707689136260559e-06,0.0057158282828282,4.281591424448592e-07,3.951762523191085e-07,0.0,4.13
90,2726,2759,0.0137805861928104,0.0,0.0,0.0,0.98621941380719,793.5422307123398,0.0,0.203921568627451,0.8651672433679357,0.3222545860951104,0.003235294117647,0.0520882352941176,0.0164705882352941,0.0093529411764705,0.0184117647058823,0.0111470588235294,0.000235294117647,0.0001176470588235,0.0091470588235294,0.0506764705882352,0.8290588235294117,0.009692309484697,0.0046853911254481,0.0039132747664744,5.094474153297683e-06,0.0166686889483065,0.0021075900178253,1.114438502673797e-05,5.006773618538321e-05,0.0042247352941176,1.8823529411764705e-06,4.705882352941176e-07,0.0028447352941176,0.0001507103386809,0.0407749055258467,0.0,1.42
91,2760,2793,0.0145024203431373,0.0,0.0,0.0,0.985497579656863,545.6732809164241,0.0,0.1785467128027681,0.8862745098039219,0.2962602771505586,0.0029705882352941,0.0118529411764705,0.0091470588235294,0.0094117647058823,0.0203235294117647,0.0,0.0,0.0,0.0,0.0512941176470588,0.8950882352941175,3.947473925084318e-06,1.1429518797236251e-31,2.112276032835226e-06,2.9411764705882377e-08,7.352941176470589e-07,2.4322638146167554e-06,6.131907308377898e-07,1.377005347593583e-06,0.0,0.0,0.0,0.0,5.486631016042776e-06,4.567736185383253e-06,0.0,1.42
92,2794,2816,0.0,0.0,0.0,0.0,1.0,21.51154424506658,0.0,0.0076726342710997,0.0385336743393009,0.0127558941143204,0.9566521739130436,0.0004782608695652,0.000391304347826,0.0005217391304347,0.0008695652173913,0.0,0.0,0.0,0.0,0.0023043478260869,0.0387826086956521,0.0013539942831352,0.0341514133360079,0.0037423951970823,0.0432177826086956,5.260869565217393e-06,3.521739130434784e-06,6.260869565217402e-06,1.7391304347826085e-05,0.0,0.0,0.0,0.0,0.0001221304347826,0.0345940869565217,0.0,0.96
