SceneNumber;StartFrame;EndFrame
1;0;119
2;120;155
3;156;200
4;201;232
5;233;264
6;265;294
7;295;322
8;323;363
9;364;407
10;408;423
11;424;438
12;439;460
13;461;504
14;505;543
15;544;580
16;581;637
17;638;679
18;680;739
19;740;785
20;786;804
21;805;834
22;835;848
23;849;900
24;901;950
25;951;997
26;998;1053
27;1054;1101
28;1102;1121
29;1122;1130
30;1131;1206
31;1207;1245
32;1246;1271
33;1272;1324
34;1325;1352
35;1353;1421
36;1422;1435
37;1436;1449
38;1450;1480
39;1481;1518
40;1519;1570
41;1571;1585
42;1586;1595
43;1596;1618
44;1619;1647
45;1648;1663
46;1664;1685
47;1686;1696
48;1697;1711
49;1712;1721
50;1722;1740
51;1741;1762
52;1763;1779
53;1780;1801
54;1802;1811
55;1812;1824
56;1825;1870
57;1871;1897
58;1898;1944
59;1945;1968
60;1969;1977
61;1978;2001
62;2002;2026
63;2027;2035
64;2036;2053
65;2054;2066
66;2067;2090
67;2091;2101
68;2102;2110
69;2111;2119
70;2120;2135
71;2136;2151
72;2152;2167
73;2168;2181
74;2182;2226
75;2227;2242
76;2243;2257
77;2258;2286
78;2287;2349
79;2350;2373
80;2374;2473
81;2474;2493
82;2494;2496
83;2497;2525
84;2526;2550
85;2551;2570
86;2571;2575
87;2576;2622
88;2623;2626
89;2627;2725
90;2726;2759
91;2760;2793
92;2794;2816