frame,y1,x1,y2,x2,object,confidence
160,552,246,640,287,car,0.830076
160,419,235,435,280,person,0.702295
160,311,239,344,310,person,0.469008
160,386,234,405,277,person,0.419185
160,366,238,387,270,person,0.402425
160,182,253,217,285,bicycle,0.388245
160,495,238,509,270,person,0.344197
170,523,243,604,285,car,0.71395
170,591,248,628,346,person,0.638734
170,414,233,431,277,person,0.554695
170,285,234,308,290,person,0.522881
170,368,231,400,283,person,0.480896
170,340,238,370,271,person,0.453304
170,590,206,640,271,bus,0.383913
170,315,235,338,273,person,0.355725
180,566,243,610,346,person,0.670456
180,49,233,82,313,person,0.608929
180,414,233,431,275,person,0.564082
180,501,243,614,290,car,0.530895
180,260,235,287,289,person,0.505466
180,581,205,640,269,bus,0.49628
180,386,231,402,277,person,0.492141
180,561,244,600,346,person,0.479253
180,289,231,309,286,person,0.472559
180,272,234,294,289,person,0.389935
180,367,228,387,284,person,0.364343
180,0,229,48,320,person,0.358806
180,351,235,369,281,person,0.35246
180,334,240,356,271,person,0.343136
180,575,262,607,300,backpack,0.340234
180,314,237,336,269,person,0.325009
180,22,233,61,301,person,0.322632
180,471,237,486,267,person,0.309923
190,571,204,640,270,bus,0.797918
190,526,246,570,346,person,0.76336
190,16,230,53,321,person,0.7485
190,45,236,97,317,person,0.709252
190,366,229,385,282,person,0.681063
190,477,242,586,290,car,0.617607
190,469,236,481,266,person,0.552828
190,386,230,402,269,person,0.471474
190,267,229,287,284,person,0.46701
190,413,230,429,273,person,0.443449
190,545,266,565,298,backpack,0.331538
190,251,233,269,284,person,0.324706
190,46,245,87,313,backpack,0.271611
200,32,226,67,317,person,0.827256
200,63,232,102,312,person,0.822589
200,495,249,534,343,person,0.760814
200,246,229,265,281,person,0.660871
200,461,242,570,291,car,0.652911
200,367,226,386,282,person,0.633271
200,564,203,639,268,bus,0.576517
200,413,230,429,272,person,0.568972
200,585,256,625,343,person,0.527451
200,386,229,402,268,person,0.51206
200,505,265,528,297,backpack,0.490827
200,232,233,247,281,person,0.414596
200,462,235,476,261,person,0.375193
200,331,232,349,281,person,0.360944
200,217,234,240,281,person,0.33796
210,3,10,637,346,car,0.856772
210,139,137,252,242,person,0.724103
210,344,100,470,226,person,0.476822
210,265,112,344,145,car,0.448392
220,4,9,636,346,car,0.856032
220,162,138,255,242,person,0.723729
220,339,100,469,226,person,0.530428
220,263,111,343,145,car,0.481101
230,4,9,637,346,car,0.852039
230,360,98,480,224,person,0.687668
230,131,137,253,242,person,0.635739
230,263,112,343,145,car,0.462005
240,326,64,467,263,person,0.87913
240,151,118,276,246,person,0.853233
240,2,0,635,346,car,0.820723
250,328,65,461,263,person,0.901058
250,158,117,279,247,person,0.866522
250,0,0,640,346,car,0.829384
260,328,65,460,262,person,0.899853
260,156,115,277,247,person,0.858217
260,0,1,640,346,car,0.834444
260,262,85,346,247,person,0.428343
260,220,84,266,106,car,0.335242
270,439,116,536,306,person,0.830771
270,285,129,348,249,person,0.696427
270,493,92,544,297,person,0.555724
270,233,128,581,250,car,0.493119
270,443,159,481,233,backpack,0.271781
280,233,129,514,250,car,0.912373
280,508,105,584,313,person,0.753021
280,293,128,351,249,person,0.703056
280,295,145,320,189,backpack,0.427953
280,605,110,632,162,person,0.408037
280,499,152,530,224,backpack,0.359523
280,556,90,593,277,person,0.353183
290,229,128,577,251,car,0.733311
290,568,103,640,322,person,0.707981
290,299,129,341,255,person,0.454453
290,298,152,322,194,backpack,0.33793
290,562,102,611,272,person,0.228148
300,131,15,376,345,person,0.876788
300,9,12,632,346,car,0.542146
300,175,5,211,111,person,0.455351
300,347,2,384,95,person,0.402264
300,409,15,439,102,person,0.379182
310,128,11,372,345,person,0.868787
310,7,8,635,345,car,0.536233
310,173,3,208,107,person,0.404587
310,344,1,386,96,person,0.398707
310,408,15,438,102,person,0.305488
310,0,9,221,340,car,0.168147
320,122,10,368,345,person,0.869261
320,4,5,638,345,car,0.446407
320,0,19,194,340,person,0.357429
330,115,140,319,343,person,0.898817
330,303,125,429,344,person,0.861533
330,367,194,483,344,person,0.811244
330,82,48,188,334,person,0.778927
330,553,60,639,130,bicycle,0.750504
330,452,120,552,341,person,0.730731
330,259,17,291,114,person,0.676311
330,0,70,64,299,person,0.600297
330,564,7,637,123,person,0.599675
330,268,36,292,73,backpack,0.583108
330,419,2,463,125,person,0.564309
330,518,37,561,165,person,0.546788
330,351,4,543,120,car,0.487797
330,524,178,587,290,backpack,0.479708
330,94,100,178,212,backpack,0.426407
330,28,0,61,64,person,0.377961
330,336,163,403,226,backpack,0.364837
330,519,66,551,114,backpack,0.358708
330,481,17,528,122,person,0.327425
330,114,223,197,344,handbag,0.307509
330,352,19,381,118,person,0.29433
330,113,225,195,344,backpack,0.235808
340,116,103,361,342,person,0.874732
340,364,203,484,345,person,0.839825
340,74,54,184,340,person,0.808069
340,302,130,411,313,person,0.768579
340,446,130,550,325,person,0.766785
340,18,14,84,143,person,0.742836
340,540,30,613,176,person,0.673756
340,505,187,584,299,backpack,0.63065
340,410,29,466,157,person,0.621211
340,340,17,628,120,car,0.609545
340,511,20,565,171,person,0.588008
340,294,31,329,124,person,0.561703
340,412,56,437,101,backpack,0.52739
340,0,80,63,297,person,0.508072
340,324,71,410,137,bicycle,0.458098
340,219,40,267,112,person,0.455688
340,90,107,171,198,backpack,0.441002
340,557,72,596,122,backpack,0.414763
340,119,208,209,344,backpack,0.343593
340,367,261,399,344,handbag,0.315026
340,149,44,185,117,person,0.293907
340,56,5,82,42,backpack,0.26791
350,147,86,448,343,person,0.808177
350,547,40,603,169,person,0.807273
350,57,76,164,345,person,0.799769
350,437,146,574,338,person,0.760519
350,589,55,640,188,person,0.754763
350,332,25,572,130,car,0.718248
350,15,4,50,96,person,0.67172
350,502,205,583,328,backpack,0.634727
350,183,60,207,101,backpack,0.628874
350,604,79,639,131,backpack,0.599522
350,0,95,55,297,person,0.581557
350,437,30,508,167,person,0.512669
350,227,221,444,344,backpack,0.443047
350,66,121,155,255,backpack,0.405987
350,281,21,322,93,person,0.391484
350,252,46,286,128,person,0.328063
350,250,68,316,183,person,0.3275
350,142,59,197,162,person,0.28388
350,422,56,522,168,bicycle,0.191005
360,156,34,491,340,person,0.945968
360,46,88,155,341,person,0.887355
360,400,48,596,149,car,0.774477
360,501,216,585,341,backpack,0.745084
360,473,158,552,340,person,0.735556
360,144,73,168,117,backpack,0.680806
360,590,48,639,187,person,0.624257
360,20,21,53,114,person,0.600123
360,173,119,279,179,bicycle,0.563035
360,115,54,170,190,person,0.515699
360,197,33,243,171,person,0.484449
360,0,113,51,316,person,0.440692
360,60,138,139,220,backpack,0.423585
360,448,57,474,82,person,0.370659
360,433,53,569,152,person,0.36641
360,419,101,470,170,bicycle,0.317882
360,194,59,251,175,person,0.258775
370,98,0,450,342,person,0.749858
370,357,56,382,115,person,0.402395
370,8,1,604,343,car,0.379763
370,65,84,107,101,car,0.285501
380,109,0,454,342,person,0.771286
380,358,58,379,116,person,0.531827
380,65,85,107,102,car,0.462496
380,42,3,554,344,car,0.420227
390,98,0,462,342,person,0.898345
390,62,88,103,105,car,0.492031
390,0,1,618,345,car,0.460687
390,350,64,375,120,person,0.445478
400,90,0,457,342,person,0.882775
400,347,63,370,121,person,0.505555
400,0,0,634,344,car,0.438001
410,51,88,153,308,person,0.886912
410,350,22,546,344,person,0.786571
410,163,46,294,265,person,0.631023
410,446,156,639,344,backpack,0.622011
410,250,69,379,281,person,0.55502
410,296,79,363,140,backpack,0.447932
420,51,89,153,308,person,0.879201
420,345,26,561,342,person,0.801898
420,473,156,603,342,backpack,0.57167
420,246,78,367,280,person,0.462365
420,164,59,292,263,person,0.372973
430,154,82,229,171,person,0.892562
430,319,53,386,189,person,0.823274
430,70,97,151,208,person,0.690699
430,0,86,78,237,person,0.679751
430,464,13,523,166,person,0.545106
430,343,65,615,340,person,0.476727
430,13,226,138,342,bench,0.402852
430,218,90,339,342,person,0.370201
440,106,22,444,340,person,0.929484
440,366,44,630,150,car,0.90111
440,158,47,210,192,person,0.8205
440,528,212,599,324,backpack,0.74977
440,6,98,136,343,person,0.741263
440,407,234,476,341,person,0.634059
440,48,20,83,101,person,0.543231
440,177,203,443,344,backpack,0.521491
440,4,149,99,301,backpack,0.516046
440,205,49,242,184,person,0.494209
440,18,38,56,132,person,0.485792
440,450,178,566,342,person,0.469076
450,365,43,631,150,car,0.898571
450,114,25,460,340,person,0.867883
450,8,104,145,340,person,0.832951
450,170,53,232,208,person,0.803607
450,22,41,60,139,person,0.756379
450,52,20,85,109,person,0.727751
450,523,211,600,325,backpack,0.704241
450,180,203,452,343,backpack,0.583784
450,450,181,569,346,person,0.548208
450,165,83,195,135,backpack,0.355593
450,0,148,43,341,person,0.351142
450,6,159,90,304,backpack,0.279672
460,329,43,630,149,car,0.920533
460,374,235,479,344,person,0.816246
460,115,84,394,343,person,0.7948
460,0,37,67,176,person,0.78754
460,445,185,560,343,person,0.76723
460,52,19,86,111,person,0.71359
460,23,100,138,346,person,0.709628
460,513,214,596,326,backpack,0.609934
460,197,54,240,97,person,0.495069
460,265,57,309,104,person,0.491539
460,16,165,88,287,backpack,0.31247
460,14,121,137,326,backpack,0.291008
480,92,16,529,338,umbrella,0.123352
510,226,83,425,343,person,0.648918
510,361,191,561,345,backpack,0.59544
520,217,110,276,214,backpack,0.672779
520,138,90,234,345,person,0.642355
520,239,65,366,344,person,0.623733
520,299,62,562,343,person,0.443778
520,117,117,224,261,backpack,0.388642
520,439,125,482,188,person,0.373529
520,428,187,543,346,handbag,0.341833
530,202,81,317,339,person,0.877247
530,309,81,416,342,person,0.841006
530,0,80,73,339,person,0.728813
530,563,80,616,221,person,0.697615
530,384,65,640,343,person,0.674022
530,204,97,245,256,person,0.537881
530,230,108,299,221,backpack,0.53314
530,178,107,211,216,person,0.522489
530,309,118,378,213,backpack,0.485758
530,157,113,183,209,person,0.397493
530,131,111,167,210,person,0.388844
530,177,134,198,169,handbag,0.346124
530,546,207,638,342,handbag,0.224576
540,473,46,640,339,person,0.882305
540,372,117,426,195,backpack,0.771861
540,360,81,440,315,person,0.76305
540,291,95,372,314,person,0.717283
540,261,104,297,204,person,0.591932
540,209,97,251,267,person,0.575262
540,434,79,548,339,person,0.53306
540,25,58,171,343,person,0.52649
540,289,128,351,230,backpack,0.381122
540,18,117,78,179,backpack,0.36252
550,78,3,536,340,person,0.326946
560,132,47,466,343,person,0.857956
580,122,16,473,342,person,0.931836
580,236,191,296,339,handbag,0.377537
580,241,194,472,342,backpack,0.295469
590,56,34,560,332,person,0.916959
590,318,190,575,345,bench,0.3309
590,317,189,578,341,chair,0.23882
600,55,34,560,331,person,0.90463
600,318,190,575,345,bench,0.344551
600,317,188,578,341,chair,0.222889
610,57,33,561,330,person,0.883159
610,318,189,575,344,bench,0.424121
620,59,32,559,329,person,0.886927
620,317,190,575,344,bench,0.450876
630,58,32,559,329,person,0.886013
630,317,190,575,344,bench,0.440782
640,201,37,442,343,person,0.879458
640,487,4,640,344,person,0.866933
640,1,1,133,340,person,0.84242
640,446,68,535,345,person,0.762435
640,131,114,208,342,person,0.734052
640,201,61,314,291,person,0.6651
650,0,2,153,342,person,0.896599
650,178,35,418,343,person,0.833816
650,131,98,215,341,person,0.694201
650,186,58,268,278,person,0.682601
650,405,71,487,342,person,0.64849
650,444,0,640,343,person,0.609625
650,535,1,640,338,backpack,0.485283
650,353,37,413,201,person,0.336098
660,118,31,398,342,person,0.886731
660,1,0,129,343,person,0.852441
660,348,0,538,346,person,0.797513
660,114,98,172,283,person,0.607975
660,172,57,246,216,person,0.550345
660,422,26,621,319,backpack,0.494136
660,332,42,382,216,person,0.484633
670,153,42,412,343,person,0.805039
670,312,0,463,342,person,0.762451
670,67,1,181,336,person,0.616718
670,220,167,402,325,backpack,0.521724
670,411,54,533,274,backpack,0.518723
670,2,91,90,274,backpack,0.459479
670,183,50,274,198,person,0.440602
670,164,47,206,139,person,0.317248
670,96,232,187,345,backpack,0.306734
670,111,168,258,343,backpack,0.258047
680,107,1,206,340,person,0.884198
680,202,40,287,217,person,0.692863
680,195,9,507,346,person,0.567415
680,53,79,127,231,backpack,0.400962
680,242,154,488,317,backpack,0.398373
680,306,0,497,219,person,0.328398
680,161,226,225,343,handbag,0.194374
690,333,98,546,344,person,0.785729
690,227,102,306,346,person,0.622628
690,288,15,479,329,person,0.581449
690,58,59,210,342,person,0.490563
690,234,104,302,208,person,0.326231
690,48,162,161,343,backpack,0.291073
700,6,24,387,340,person,0.858973
700,0,42,154,336,person,0.631527
700,348,44,465,341,person,0.591164
710,258,5,478,340,person,0.884392
710,0,23,165,340,person,0.857874
710,203,89,288,216,person,0.605269
710,97,153,117,182,cell phone,0.381652
710,0,0,610,344,train,0.36609
720,241,3,496,341,person,0.889503
720,0,6,133,343,person,0.856549
720,175,87,272,225,person,0.669122
720,14,170,49,219,cell phone,0.360508
730,220,1,527,341,person,0.928548
730,136,80,254,246,person,0.832712
730,0,4,74,342,person,0.507526
740,248,0,583,343,person,0.843232
740,100,67,228,260,person,0.794956
790,1,109,216,342,person,0.912796
790,320,2,492,342,person,0.58866
800,301,6,494,342,person,0.940301
800,2,110,219,342,person,0.901904
800,196,277,247,343,chair,0.348058
810,14,2,186,342,person,0.926101
810,386,44,507,323,person,0.837238
810,181,67,239,193,person,0.836195
810,255,29,383,344,person,0.811546
810,178,137,329,340,backpack,0.766468
810,326,24,409,339,person,0.348671
810,462,13,522,284,person,0.342594
820,0,110,202,341,backpack,0.817537
820,0,1,241,338,person,0.760479
820,200,76,245,169,person,0.756426
820,216,30,348,341,person,0.748803
820,166,67,207,138,person,0.67154
820,369,58,428,269,person,0.614204
820,330,46,393,268,person,0.571315
820,439,37,503,274,person,0.506998
820,430,70,477,260,person,0.368581
820,456,181,505,306,person,0.341793
820,216,74,346,297,backpack,0.203748
830,220,36,409,343,person,0.86647
830,58,114,228,341,backpack,0.834935
830,359,0,412,87,person,0.593024
830,62,15,234,345,person,0.541712
830,392,64,453,254,person,0.323461
830,459,17,494,137,person,0.315651
840,477,86,552,252,person,0.777605
840,4,31,443,345,person,0.747772
840,168,21,319,299,person,0.714703
840,352,192,423,279,chair,0.623766
840,241,83,319,188,person,0.555222
840,316,106,359,168,person,0.548704
840,541,131,587,222,person,0.536493
840,437,107,484,222,person,0.527615
840,456,214,485,256,chair,0.516418
840,273,274,335,316,cell phone,0.511748
840,571,202,595,255,bottle,0.488243
840,419,229,461,275,chair,0.481215
840,570,139,620,217,person,0.405868
840,291,91,322,151,person,0.367619
840,307,204,361,246,chair,0.294341
840,443,253,525,343,wine glass,0.262597
840,443,253,524,343,bottle,0.202275
850,447,1,571,70,person,0.443298
850,1,3,548,340,chair,0.157276
860,0,0,538,342,suitcase,0.269216
860,0,0,540,343,chair,0.212702
870,418,2,599,182,person,0.892965
870,98,2,400,342,person,0.877198
870,332,11,400,129,person,0.705251
870,399,157,640,343,dining table,0.620486
870,559,0,640,110,person,0.606121
870,377,19,449,176,person,0.575521
870,1,149,130,342,chair,0.500428
870,300,23,335,132,person,0.495389
870,87,27,158,205,person,0.470769
870,38,2,111,91,person,0.423768
870,463,173,501,208,cup,0.21464
880,422,10,604,198,person,0.883547
880,0,165,132,344,chair,0.84963
880,100,3,378,342,person,0.836446
880,58,0,125,98,person,0.683054
880,94,37,164,215,person,0.660056
880,333,20,396,187,person,0.652765
880,305,37,342,144,person,0.63014
880,378,33,458,184,person,0.593006
880,567,17,640,159,person,0.531997
880,0,0,97,130,person,0.406434
880,401,174,640,341,dining table,0.334066
880,469,189,507,223,bowl,0.301134
880,619,117,640,213,bottle,0.261464
880,0,73,102,273,person,0.157577
890,105,3,377,341,person,0.886198
890,0,163,136,344,chair,0.863777
890,105,37,171,216,person,0.716958
890,340,21,401,192,person,0.708381
890,313,38,350,148,person,0.701367
890,62,1,119,94,person,0.637755
890,430,19,612,202,person,0.555375
890,416,199,640,336,dining table,0.546446
890,577,24,640,158,person,0.449112
890,384,36,467,228,person,0.334919
890,474,193,512,228,cup,0.195021
900,0,165,134,344,chair,0.893864
900,431,29,607,207,person,0.841845
900,560,25,640,189,person,0.677638
900,100,2,373,341,person,0.612117
900,338,28,397,179,person,0.610705
900,382,40,464,199,person,0.608606
900,51,0,117,94,person,0.562269
900,100,38,163,217,person,0.484786
900,415,199,640,330,dining table,0.373089
900,376,164,418,284,chair,0.333146
900,443,235,636,311,bowl,0.321913
900,292,0,360,167,person,0.303589
900,0,11,129,238,person,0.295606
900,470,197,508,232,cup,0.175163
910,177,1,535,341,person,0.916927
920,181,1,538,341,person,0.937137
930,184,1,537,341,person,0.938523
940,180,1,532,342,person,0.926315
950,181,0,531,343,person,0.927614
960,106,9,395,342,person,0.949841
960,0,148,84,343,potted plant,0.459879
970,103,12,392,342,person,0.949157
970,0,152,82,342,potted plant,0.47329
980,96,13,388,342,person,0.934573
980,0,151,82,342,potted plant,0.520585
990,79,12,378,341,person,0.64138
990,0,151,82,342,potted plant,0.435725
1000,120,24,618,340,person,0.963683
1000,343,219,414,346,tie,0.693612
1010,121,24,616,340,person,0.965243
1010,343,219,408,345,tie,0.803906
1020,122,23,617,340,person,0.965595
1020,342,219,409,345,tie,0.801494
1030,122,23,617,340,person,0.964839
1030,343,219,410,345,tie,0.750209
1040,122,23,617,341,person,0.964398
1040,343,218,411,345,tie,0.694381
1050,122,22,617,340,person,0.963806
1050,344,219,412,346,tie,0.659847
1130,116,4,496,343,person,0.933287
1140,129,3,505,343,person,0.930823
1150,136,1,525,343,person,0.915023
1150,240,279,420,345,remote,0.592651
1160,126,1,513,345,person,0.948218
1160,536,22,640,340,person,0.866998
1170,127,0,514,343,person,0.948071
1170,533,30,640,341,person,0.860149
1170,240,259,413,345,remote,0.493207
1180,135,0,520,343,person,0.937156
1180,263,248,424,344,remote,0.600934
1190,136,0,524,345,person,0.923689
1190,271,261,437,345,remote,0.377561
1200,117,1,490,345,person,0.927008
1210,108,0,560,345,person,0.919696
1220,61,0,524,343,person,0.57986
1230,49,0,512,340,person,0.900163
1240,89,0,537,342,person,0.939628
1250,0,0,192,339,person,0.913763
1250,446,86,525,328,person,0.845334
1250,245,149,314,240,backpack,0.749981
1250,181,0,640,318,bus,0.723814
1250,188,106,238,201,backpack,0.703249
1250,312,68,378,310,person,0.686224
1250,241,99,321,320,person,0.662039
1250,222,84,258,181,person,0.560436
1250,186,62,242,319,person,0.452389
1250,348,102,383,176,backpack,0.451184
1260,1,1,196,338,person,0.925012
1260,428,79,527,335,person,0.870333
1260,190,55,247,312,person,0.846013
1260,186,0,640,317,bus,0.765211
1260,245,111,325,322,person,0.686303
1260,248,148,318,241,backpack,0.628115
1260,319,69,384,307,person,0.606553
1260,353,103,387,175,backpack,0.457461
1260,221,71,264,301,person,0.312253
1270,0,1,199,338,person,0.893151
1270,193,53,251,311,person,0.858581
1270,324,69,390,309,person,0.823262
1270,411,76,512,336,person,0.764037
1270,493,71,539,320,person,0.637207
1270,252,99,334,320,person,0.516619
1270,254,147,323,238,backpack,0.499898
1270,228,72,274,303,person,0.446124
1270,218,10,635,318,bus,0.40862
1280,429,33,594,343,person,0.871408
1280,1,155,41,274,person,0.807924
1280,31,145,70,278,person,0.772978
1280,312,155,365,295,person,0.707223
1280,108,76,337,346,person,0.691886
1280,384,163,419,289,person,0.617012
1280,423,130,475,302,handbag,0.464258
1280,64,140,137,298,backpack,0.414185
1290,397,35,591,342,person,0.932022
1290,116,81,364,346,person,0.738519
1290,252,160,313,322,person,0.680278
1290,4,157,47,274,person,0.651725
1290,36,151,74,280,person,0.623928
1290,388,163,416,258,person,0.579998
1290,397,132,455,319,handbag,0.497107
1290,328,159,374,292,person,0.383129
1290,68,155,143,308,backpack,0.367708
1300,389,27,609,343,person,0.920626
1300,110,88,290,346,person,0.75506
1300,54,153,140,312,backpack,0.564325
1300,331,160,378,287,person,0.529788
1300,13,162,50,278,person,0.512935
1300,279,155,349,331,person,0.487488
1300,41,152,83,276,person,0.472298
1300,390,126,460,337,handbag,0.31001
1310,401,17,637,345,person,0.860939
1310,279,150,370,345,person,0.796372
1310,84,90,334,343,person,0.788936
1310,31,163,117,337,backpack,0.508394
1310,3,167,45,290,person,0.416751
1310,24,163,70,285,person,0.402065
1310,388,171,421,275,person,0.30961
1320,385,27,638,343,person,0.926529
1320,294,146,383,346,person,0.83036
1320,52,105,293,342,person,0.572516
1320,415,130,492,341,handbag,0.522871
1320,449,126,640,336,backpack,0.489971
1320,1,178,81,340,person,0.318855
1320,256,171,304,337,person,0.303058
1330,263,47,348,337,person,0.891411
1330,0,2,159,343,person,0.823323
1330,457,61,544,335,person,0.783039
1330,161,0,635,272,bus,0.707422
1330,527,115,570,207,backpack,0.669093
1330,348,32,454,346,person,0.64162
1330,433,69,485,316,person,0.571342
1330,315,24,481,342,bus,0.45197
1330,304,43,384,337,person,0.344129
1330,388,44,477,335,person,0.300432
1340,231,44,374,343,person,0.821029
1340,212,0,637,246,bus,0.782396
1340,529,78,640,343,person,0.759945
1340,349,29,471,344,person,0.593981
1340,1,1,207,343,person,0.562401
1340,476,63,572,328,person,0.489515
1350,349,32,438,342,person,0.791768
1350,0,0,188,344,person,0.644975
1350,447,78,512,177,person,0.643482
1350,285,39,358,341,person,0.640536
1350,166,79,212,222,truck,0.473652
1350,549,58,640,339,person,0.454557
1350,494,62,636,344,person,0.445495
1350,400,44,472,330,person,0.366742
1350,443,155,516,263,backpack,0.357886
1350,600,120,640,211,backpack,0.343016
1360,246,185,288,289,person,0.848226
1360,33,124,244,343,person,0.811185
1360,258,7,558,344,person,0.540007
1360,307,163,558,342,backpack,0.537446
1360,546,105,640,344,person,0.186181
1370,41,129,268,342,person,0.889427
1370,264,9,568,342,person,0.88878
1370,243,181,298,294,person,0.780914
1370,318,167,563,340,backpack,0.493997
1370,308,160,374,343,handbag,0.326584
1380,296,21,596,342,person,0.885531
1380,35,133,268,343,person,0.8483
1380,264,176,311,319,person,0.765153
1380,596,199,632,297,person,0.372484
1380,334,172,411,343,handbag,0.16846
1390,31,135,264,343,person,0.901248
1390,265,20,569,343,person,0.806565
1390,0,108,79,344,person,0.803117
1390,546,172,593,302,person,0.577412
1390,321,167,566,341,backpack,0.440878
1390,287,163,381,345,backpack,0.168175
1390,301,166,381,345,handbag,0.165344
1390,121,264,262,345,handbag,0.121684
1400,29,136,241,344,person,0.893751
1400,250,15,549,341,person,0.710976
1400,590,171,637,324,person,0.650663
1400,292,165,366,343,handbag,0.438748
1400,311,169,545,341,backpack,0.421628
1400,284,166,359,344,handbag,0.279891
1400,86,257,232,346,backpack,0.233471
1410,46,142,249,342,person,0.92271
1410,189,113,285,307,person,0.638013
1410,257,18,559,344,person,0.538682
1410,312,171,553,341,backpack,0.538237
1410,515,175,565,305,person,0.5305
1410,132,262,243,346,backpack,0.261496
1420,52,144,249,340,person,0.918894
1420,271,21,569,342,person,0.890686
1420,235,106,341,320,person,0.747335
1420,551,171,622,329,person,0.732266
1420,330,176,556,341,backpack,0.486401
1420,3,204,134,344,backpack,0.29
1420,138,262,252,346,backpack,0.229959
1440,7,3,235,338,person,0.34547
1450,4,2,181,344,person,0.943968
1450,327,36,534,343,person,0.933516
1460,26,4,201,343,person,0.663688
1460,298,39,516,342,person,0.606889
1460,0,200,42,254,laptop,0.527174
1460,492,220,639,346,couch,0.457863
1470,299,35,547,342,person,0.944317
1470,55,3,228,343,person,0.933152
1470,0,208,79,269,laptop,0.830829
1480,60,12,237,344,person,0.923783
1480,323,35,578,343,person,0.91423
1480,19,215,78,263,laptop,0.563596
1490,0,0,637,339,person,0.429788
1490,231,176,320,294,person,0.30588
1500,268,100,387,273,person,0.582484
1500,0,0,633,346,person,0.424596
1500,184,157,273,277,person,0.394553
1510,325,124,457,313,person,0.41466
1510,246,183,330,305,person,0.405904
1510,0,0,640,342,person,0.29003
1520,57,22,285,343,person,0.683336
1520,250,25,446,343,person,0.62057
1520,533,253,639,345,couch,0.430803
1520,1,193,77,262,laptop,0.425185
1530,195,28,425,344,person,0.878679
1530,0,227,80,341,chair,0.666476
1530,62,28,288,343,person,0.574916
1540,220,38,425,344,person,0.885822
1540,75,31,288,341,person,0.879318
1540,0,225,106,343,chair,0.852675
1540,562,96,640,216,person,0.277441
1550,255,36,430,341,person,0.842785
1550,71,31,298,343,person,0.777412
1550,0,219,110,345,chair,0.75619
1550,575,94,640,218,person,0.572006
1560,66,30,298,343,person,0.824071
1560,256,30,462,342,person,0.784263
1560,0,214,92,344,chair,0.746113
1570,55,34,249,341,person,0.933219
1570,231,20,433,343,person,0.813844
1570,0,214,69,343,chair,0.551133
1570,293,83,355,138,cell phone,0.539637
1600,395,4,640,342,person,0.927369
1600,323,187,405,286,person,0.78689
1600,143,61,429,336,person,0.755306
1600,410,192,474,289,person,0.75085
1600,154,188,228,270,person,0.631072
1600,0,85,51,292,person,0.395782
1600,441,2,640,128,tv,0.319276
1610,326,2,638,341,person,0.942031
1610,176,74,403,341,person,0.61971
1610,134,196,205,279,person,0.569884
1620,5,3,297,342,person,0.937559
1620,452,70,553,184,person,0.768429
1620,303,24,518,342,person,0.762768
1620,594,155,640,197,backpack,0.378613
1630,4,3,298,342,person,0.939018
1630,291,29,516,341,person,0.8744
1630,453,74,553,187,person,0.814239
1630,594,159,640,199,backpack,0.377651
1640,3,3,290,342,person,0.945389
1640,294,30,529,342,person,0.863609
1640,453,77,552,191,person,0.797219
1640,592,158,640,200,backpack,0.400322
1650,11,13,470,342,person,0.948157
1660,101,217,302,345,person,0.728889
1670,3,3,298,340,person,0.934492
1670,309,55,540,343,person,0.6992
1670,318,111,380,221,person,0.48332
1670,560,161,640,204,backpack,0.32478
1680,0,1,326,342,person,0.930785
1680,314,112,396,225,person,0.84198
1680,393,123,470,227,person,0.53266
1680,429,90,521,198,person,0.40784
1680,558,167,639,212,backpack,0.136955
1710,537,46,640,341,person,0.849297
1710,247,29,563,341,person,0.650977
1710,452,33,564,342,person,0.369136
1720,1,1,300,342,person,0.9235
1720,242,47,339,333,person,0.537573
1720,328,61,504,344,person,0.535244
1730,400,42,617,343,person,0.921715
1730,258,49,350,321,person,0.91209
1730,130,184,242,313,person,0.902602
1730,143,283,197,312,skateboard,0.385288
1740,364,39,639,342,person,0.93375
1740,130,182,243,313,person,0.900767
1740,258,49,343,320,person,0.896726
1740,143,283,199,313,skateboard,0.367457
1750,217,11,519,341,person,0.94612
1750,509,0,638,340,person,0.902588
1760,162,6,518,342,person,0.930629
1760,515,0,636,342,person,0.916313
1760,462,139,543,312,person,0.854801
1770,335,1,532,147,person,0.525994
1770,166,206,485,282,surfboard,0.489974
1780,151,183,504,268,surfboard,0.805217
1780,339,1,541,146,person,0.508595
1790,5,10,638,337,cake,0.459492
1800,0,7,71,71,bird,0.64899
1800,209,189,280,262,bird,0.62147
1800,150,57,254,129,bird,0.53003
1800,295,107,337,162,bird,0.485357
1800,325,205,358,286,bird,0.33976
1800,20,90,147,151,bird,0.323195
1800,472,309,532,346,bird,0.304332
1830,24,15,351,342,person,0.952333
1830,349,21,627,343,person,0.926962
1830,28,128,57,210,person,0.837436
1830,296,58,439,337,person,0.698846
1830,519,78,569,195,person,0.537997
1830,233,91,268,164,person,0.521855
1830,101,135,119,166,person,0.344499
1840,25,16,355,342,person,0.955646
1840,352,21,626,342,person,0.933185
1840,34,129,61,210,person,0.820636
1840,299,61,436,332,person,0.681186
1840,519,78,572,197,person,0.620668
1840,231,92,269,162,person,0.563076
1850,25,16,355,343,person,0.951476
1850,355,22,626,342,person,0.929836
1850,44,127,69,206,person,0.698967
1850,299,64,431,334,person,0.63094
1850,519,77,572,196,person,0.622734
1850,236,91,274,163,person,0.609127
1860,24,16,353,342,person,0.952222
1860,354,22,626,342,person,0.933497
1860,50,127,76,204,person,0.822543
1860,303,61,431,320,person,0.748127
1860,518,77,577,198,person,0.646137
1860,238,92,279,163,person,0.600811
1860,279,134,322,178,person,0.429535
1870,19,13,349,342,person,0.948972
1870,358,17,626,342,person,0.936383
1870,55,126,80,178,person,0.70758
1870,521,76,576,195,person,0.580707
1870,283,130,324,175,person,0.490085
1870,305,59,446,331,person,0.404698
1880,301,33,640,339,person,0.907546
1880,74,42,290,343,person,0.888407
1880,493,2,632,188,person,0.835384
1880,295,3,377,110,person,0.707586
1880,563,21,640,145,person,0.407103
1880,383,0,442,86,person,0.40586
1890,493,1,633,210,person,0.872567
1890,302,44,632,340,person,0.639118
1890,389,0,445,69,person,0.596324
1890,301,4,380,109,person,0.575177
1890,565,20,640,170,person,0.437036
1890,64,66,285,344,person,0.373478
1890,2,201,310,341,bench,0.36053
1900,138,3,524,343,person,0.944757
1900,534,55,636,342,person,0.741737
1900,451,91,526,322,person,0.731099
1900,124,141,158,228,person,0.58081
1900,99,132,130,225,person,0.551707
1910,109,2,572,344,person,0.9347
1910,546,56,637,339,person,0.821889
1910,0,69,112,343,person,0.776889
1910,106,134,140,228,person,0.773996
1910,202,229,298,307,cup,0.499573
1920,62,1,608,346,person,0.959335
1920,0,69,103,345,person,0.885613
1920,546,56,635,338,person,0.830497
1920,456,91,511,161,person,0.769316
1920,112,134,147,224,person,0.630911
1920,205,185,444,302,carrot,0.244501
1930,26,1,624,345,person,0.956235
1930,0,72,102,345,person,0.882378
1930,118,136,149,227,person,0.70273
1930,543,60,631,329,person,0.620926
1930,452,94,513,167,person,0.564525
1930,92,143,121,229,person,0.541844
1940,4,0,596,345,person,0.939529
1940,0,79,101,344,person,0.838146
1940,120,141,156,225,person,0.73405
1940,550,70,631,341,person,0.484804
1940,99,149,125,220,person,0.437062
1940,206,146,245,195,person,0.312958
1980,340,45,485,319,person,0.694556
1980,554,132,639,340,chair,0.413256
1990,320,37,500,337,person,0.710373
2000,322,46,548,342,person,0.915076
2010,256,69,451,321,person,0.794173
2010,95,71,275,307,person,0.508208
2010,0,88,62,279,person,0.401033
2020,261,32,447,326,person,0.726189
2020,92,75,267,342,person,0.599525
2020,0,87,60,281,person,0.478192
2020,102,202,201,251,laptop,0.397293
2020,93,70,292,307,chair,0.187734
2030,299,18,503,341,person,0.912003
2040,145,106,405,344,person,0.868462
2040,396,0,571,340,person,0.721321
2040,555,1,640,339,person,0.651274
2040,9,68,185,324,person,0.483177
2040,0,77,92,316,person,0.399483
2050,400,2,555,340,person,0.846251
2050,545,3,640,337,person,0.767751
2050,155,95,490,341,person,0.733576
2050,11,37,192,297,person,0.548052
2050,100,237,223,343,chair,0.295157
2050,532,10,592,251,handbag,0.272069
2050,0,69,93,282,couch,0.130287
2060,392,21,462,253,person,0.842652
2060,282,91,347,218,person,0.734695
2060,362,190,432,249,dog,0.622666
2060,490,224,640,343,chair,0.584931
2070,250,37,482,341,person,0.896266
2080,292,29,553,341,person,0.930749
2090,305,21,545,341,person,0.922497
2110,95,245,145,341,cup,0.696147
2110,400,72,591,282,person,0.661377
2110,15,51,330,324,person,0.636985
2110,10,258,635,346,dining table,0.590881
2110,238,131,295,200,potted plant,0.458557
2110,157,289,221,319,sandwich,0.188968
2120,404,73,595,283,person,0.892082
2120,97,246,145,343,cup,0.870533
2120,531,281,591,344,cup,0.849862
2120,13,55,330,325,person,0.82133
2120,0,255,633,346,dining table,0.606099
2120,225,78,295,200,potted plant,0.495356
2120,518,114,612,255,chair,0.445281
2120,164,175,228,212,pizza,0.179541
2130,56,2,631,340,person,0.655215
2160,113,6,501,341,person,0.895466
2170,95,7,522,341,person,0.937304
2180,89,4,515,341,person,0.905906
2190,367,17,639,343,person,0.893084
2190,282,85,387,343,person,0.861483
2190,0,116,141,342,person,0.833122
2190,128,83,249,344,person,0.76013
2190,2,243,51,290,sports ball,0.741001
2190,235,34,311,304,person,0.661497
2190,511,52,567,84,car,0.582473
2190,379,101,480,293,person,0.521415
2190,351,214,393,296,frisbee,0.426818
2190,87,82,158,339,person,0.392012
2190,190,59,257,275,person,0.385953
2190,0,54,9,111,person,0.291827
2200,397,13,640,341,person,0.916814
2200,263,83,374,342,person,0.867469
2200,0,110,138,343,person,0.84802
2200,1,244,43,288,sports ball,0.810856
2200,360,102,470,344,person,0.763417
2200,120,82,252,343,person,0.740511
2200,504,52,557,82,car,0.659458
2200,230,38,306,298,person,0.550685
2200,186,62,254,315,person,0.525391
2200,423,83,486,217,person,0.414191
2210,393,13,640,341,person,0.898091
2210,260,82,364,342,person,0.831568
2210,0,112,128,344,person,0.819349
2210,0,246,41,290,sports ball,0.804557
2210,131,83,242,343,person,0.699452
2210,408,82,482,236,person,0.56142
2210,357,98,446,340,person,0.478037
2210,502,51,546,82,car,0.406925
2210,190,62,256,308,person,0.396383
2210,228,42,293,291,person,0.365883
2210,82,86,155,341,person,0.317185
2220,1,246,48,290,sports ball,0.855792
2220,391,12,640,341,person,0.841894
2220,0,118,130,343,person,0.821098
2220,148,92,246,344,person,0.749721
2220,403,82,481,246,person,0.693305
2220,252,87,357,343,person,0.690265
2220,85,102,167,344,person,0.569539
2220,351,100,429,335,person,0.561455
2220,502,52,545,83,car,0.354021
2220,482,61,511,153,person,0.321757
2220,460,63,487,157,person,0.305945
2230,351,9,639,340,person,0.926995
2230,207,88,329,344,person,0.815146
2230,31,83,123,344,person,0.726832
2230,1,128,87,344,person,0.716141
2230,323,100,413,343,person,0.702113
2230,463,53,506,82,car,0.69585
2230,386,81,465,231,person,0.589756
2230,122,88,235,345,person,0.559316
2230,440,62,470,153,person,0.453913
2230,293,87,359,341,person,0.332632
2240,0,2,299,341,person,0.93186
2240,274,155,363,344,person,0.818949
2240,444,127,548,345,person,0.764646
2240,564,113,640,339,person,0.666857
2240,212,110,302,309,person,0.628806
2240,367,134,443,345,person,0.537466
2240,513,75,580,314,person,0.422922
2250,0,0,273,341,person,0.926347
2250,516,109,617,341,person,0.801898
2250,399,105,501,345,person,0.795184
2250,224,140,310,344,person,0.777063
2250,318,118,404,344,person,0.709234
2250,175,95,259,235,person,0.67031
2250,468,60,533,301,person,0.599515
2250,278,112,332,339,person,0.503915
2250,241,67,303,151,person,0.483272
2250,607,51,640,67,car,0.410298
2260,497,28,640,344,person,0.891557
2260,3,92,159,343,person,0.803096
2260,283,9,467,341,person,0.782101
2260,157,44,294,346,person,0.61258
2260,407,77,501,343,person,0.507916
2260,0,76,40,344,person,0.497922
2260,132,96,197,345,person,0.463174
2270,288,2,498,342,person,0.875151
2270,518,34,640,345,person,0.8668
2270,15,96,147,343,person,0.771685
2270,122,91,200,343,person,0.710828
2270,148,57,297,344,person,0.633521
2280,151,56,288,342,person,0.787328
2280,23,36,136,346,person,0.716025
2280,124,92,196,343,person,0.657314
2280,522,30,640,342,person,0.62266
2280,302,31,536,344,person,0.379719
2280,176,0,280,81,person,0.341074
2290,414,40,640,342,person,0.828451
2290,7,0,350,341,person,0.690732
2290,235,151,366,343,person,0.44739
2290,1,127,135,342,person,0.303361
2300,15,0,363,342,person,0.858735
2300,414,17,640,342,person,0.847366
2300,4,122,162,342,person,0.336798
2310,43,1,366,342,person,0.893058
2310,404,5,639,342,person,0.751692
2310,5,121,180,343,person,0.551634
2320,48,0,368,342,person,0.8803
2320,404,13,638,343,person,0.810376
2320,4,119,187,342,person,0.526259
2330,393,16,639,343,person,0.926012
2330,53,0,373,342,person,0.863393
2330,4,121,188,343,person,0.611467
2340,396,18,638,343,person,0.927425
2340,43,0,372,342,person,0.856384
2340,3,122,194,342,person,0.616876
2350,397,21,638,343,person,0.927198
2350,63,0,370,341,person,0.898633
2350,3,122,193,343,person,0.739332
2360,359,6,639,343,person,0.950805
2360,31,52,250,342,person,0.882978
2360,286,203,394,345,person,0.881357
2360,173,186,258,343,person,0.61724
2370,363,4,639,343,person,0.946422
2370,283,205,393,345,person,0.882223
2370,24,50,245,343,person,0.877282
2370,167,190,258,343,person,0.756879
2380,373,2,640,340,person,0.946803
2380,177,127,312,344,person,0.826206
2380,314,136,431,343,person,0.823122
2380,1,2,231,339,person,0.602715
2380,248,191,294,251,person,0.408318
2390,239,2,534,339,person,0.95079
2390,24,107,152,343,person,0.904103
2390,552,75,640,341,person,0.855249
2390,171,126,301,342,person,0.715333
2390,0,0,68,345,person,0.519864
2390,97,178,170,341,person,0.442461
2400,216,1,520,340,person,0.956456
2400,154,123,281,343,person,0.911407
2400,533,76,639,341,person,0.863772
2400,5,102,138,340,person,0.79388
2400,78,174,145,340,person,0.383169
2410,205,0,509,341,person,0.947686
2410,139,124,265,343,person,0.917239
2410,518,77,640,341,person,0.902565
2410,3,101,129,343,person,0.745806
2410,61,172,140,340,person,0.647928
2420,506,79,640,341,person,0.930537
2420,130,124,258,344,person,0.910198
2420,0,99,106,340,person,0.892813
2420,188,1,501,340,person,0.742573
2420,54,172,139,338,person,0.454116
2420,53,172,104,222,person,0.339701
2430,508,79,640,341,person,0.927708
2430,195,1,490,339,person,0.922455
2430,0,99,105,340,person,0.921
2430,126,123,255,344,person,0.908135
2430,51,174,101,220,person,0.302386
2440,511,80,640,341,person,0.924206
2440,0,100,104,339,person,0.920107
2440,126,123,255,344,person,0.89064
2440,197,1,490,339,person,0.88357
2450,128,124,255,344,person,0.913458
2450,517,81,640,341,person,0.909512
2450,0,100,105,339,person,0.908394
2450,200,0,499,341,person,0.566003
2460,203,0,512,339,person,0.940668
2460,517,83,640,341,person,0.927053
2460,0,101,105,340,person,0.920357
2460,131,125,256,344,person,0.917258
2470,509,84,640,340,person,0.93621
2470,131,125,256,344,person,0.920051
2470,207,0,503,340,person,0.911141
2470,2,102,111,342,person,0.715373
2480,150,1,488,342,person,0.94785
2480,31,128,244,343,person,0.928388
2480,499,3,640,344,person,0.912503
2480,180,45,275,193,person,0.706337
2480,573,257,624,345,frisbee,0.388412
2490,146,3,504,342,person,0.951681
2490,36,123,245,343,person,0.924716
2490,502,3,640,342,person,0.914376
2490,574,247,639,346,frisbee,0.375545
2490,181,44,282,200,person,0.34564
2500,105,140,163,344,person,0.82851
2500,3,2,122,340,person,0.796399
2500,202,139,277,346,person,0.795233
2500,154,129,219,344,person,0.758224
2500,267,68,424,346,person,0.655463
2500,536,0,640,344,person,0.577504
2500,481,51,558,344,person,0.522809
2500,441,139,499,344,person,0.467814
2500,328,134,344,225,tie,0.357536
2500,200,140,221,190,person,0.357378
2500,573,89,639,223,backpack,0.229292
2510,107,142,160,345,person,0.843406
2510,203,143,276,346,person,0.809232
2510,2,2,122,341,person,0.793003
2510,150,133,223,344,person,0.774251
2510,533,0,640,342,person,0.716776
2510,435,142,493,344,person,0.455205
2510,481,56,557,340,person,0.441817
2510,267,61,438,344,person,0.435073
2510,381,147,455,346,person,0.380388
2510,280,126,325,251,handbag,0.288313
2510,572,85,639,231,backpack,0.284532
2510,562,11,640,309,backpack,0.236335
2520,107,150,162,345,person,0.830822
2520,205,147,274,345,person,0.800936
2520,152,134,223,345,person,0.799631
2520,2,1,123,340,person,0.781213
2520,532,0,640,340,person,0.742176
2520,265,65,462,343,person,0.702855
2520,478,67,558,345,person,0.476522
2520,387,146,465,346,person,0.349442
2520,202,177,245,243,backpack,0.210201
2530,0,66,73,312,person,0.876148
2530,89,43,212,342,person,0.866709
2530,257,143,420,337,backpack,0.54444
2530,50,72,113,320,person,0.526455
2530,193,56,369,342,person,0.492086
2530,516,16,640,341,person,0.487814
2530,166,53,245,338,person,0.467239
2540,0,65,73,321,person,0.885943
2540,93,39,218,343,person,0.817618
2540,171,49,275,341,person,0.735792
2540,292,157,464,341,backpack,0.682895
2540,218,52,437,341,person,0.602836
2540,55,66,139,331,person,0.374294
2550,189,49,313,342,person,0.875358
2550,0,63,75,331,person,0.862696
2550,255,49,510,342,person,0.782953
2550,103,34,241,345,person,0.603632
2550,339,162,527,342,backpack,0.547582
2550,69,51,145,340,person,0.445961
2560,185,43,348,284,person,0.840079
2560,434,47,521,176,person,0.791706
2560,0,209,45,344,chair,0.734262
2560,293,131,436,282,chair,0.543931
2560,245,263,639,340,chair,0.503547
2560,53,118,87,200,chair,0.448042
2560,0,43,48,162,person,0.438297
2560,353,50,433,118,person,0.428529
2560,517,111,569,171,chair,0.424967
2560,62,195,297,341,dining table,0.415269
2560,86,135,219,200,dining table,0.397988
2560,0,71,40,248,person,0.307731
2560,320,92,365,115,laptop,0.258014
2570,182,60,302,168,person,0.666468
2570,170,62,406,292,person,0.657212
2570,421,44,501,167,person,0.654733
2570,400,170,474,252,chair,0.492442
2570,73,190,300,342,dining table,0.47868
2570,368,51,412,125,person,0.463948
2570,438,155,639,211,dining table,0.426665
2570,231,53,272,109,person,0.396605
2570,0,189,63,344,chair,0.388621
2570,327,238,640,343,chair,0.337511
2570,526,33,590,114,person,0.336688
2630,91,1,417,341,stop sign,0.356124
2660,146,2,480,341,dining table,0.176447
2670,153,5,472,339,book,0.308722
2670,146,3,480,341,dining table,0.279896
2680,153,5,472,338,book,0.363273
2680,146,3,480,340,dining table,0.313283
2690,152,6,472,338,book,0.419974
2690,145,4,482,340,dining table,0.398226
2700,152,6,471,337,book,0.509869
2700,146,4,480,340,dining table,0.388841
2710,152,8,471,337,book,0.571309
2710,145,6,480,340,dining table,0.408592
2720,151,9,471,337,book,0.673055
2720,146,7,479,340,dining table,0.437705
