frame_num,colorfulness,saturation,value,black,blue,brown,grey,green,orange,pink,purple,red,white,yellow
5.0,0.788235294117647,0.39215686274509803,0.3182511014712403,0.006,0,0.005,0.003,0.964,0,0.004,0,0,0.014,0.005
10.0,0.792156862745098,0.39215686274509803,0.3177380308367559,0.006,0,0.005,0.003,0.964,0,0.004,0,0,0.014,0.005
15.0,0.792156862745098,0.39215686274509803,0.3176868882794977,0.006,0,0.005,0.003,0.964,0,0.004,0,0,0.014,0.005
20.0,0.792156862745098,0.39215686274509803,0.31683440392003903,0.006,0,0.005,0.003,0.964,0,0.004,0,0,0.014,0.005
25.0,0.792156862745098,0.39215686274509803,0.31684223729431904,0.006,0,0.005,0.003,0.964,0,0.004,0,0,0.014,0.005
30.0,0.792156862745098,0.39215686274509803,0.31684223729431904,0.006,0,0.005,0.003,0.964,0,0.004,0,0,0.014,0.005
35.0,0.792156862745098,0.39215686274509803,0.3163253863604085,0.006,0,0.005,0.003,0.964,0,0.004,0,0,0.014,0.005
40.0,0.792156862745098,0.39215686274509803,0.3163304351729504,0.006,0,0.005,0.003,0.964,0,0.004,0,0,0.014,0.005
45.0,0.792156862745098,0.39215686274509803,0.3163304351729504,0.006,0,0.005,0.003,0.964,0,0.004,0,0,0.014,0.005
50.0,0.792156862745098,0.39215686274509803,0.3163304351729504,0.006,0,0.005,0.003,0.964,0,0.004,0,0,0.014,0.005
55.0,0.792156862745098,0.39215686274509803,0.3163304351729504,0.006,0,0.005,0.003,0.964,0,0.004,0,0,0.014,0.005
60.0,0.792156862745098,0.39215686274509803,0.3163304351729504,0.006,0,0.005,0.003,0.964,0,0.004,0,0,0.014,0.005
65.0,0.788235294117647,0.39215686274509803,0.3153920777701346,0.007,0,0.005,0.003,0.962,0,0.005,0.0,0,0.013,0.004
70.0,0.788235294117647,0.39215686274509803,0.3153920777701346,0.007,0,0.005,0.003,0.962,0,0.005,0.0,0,0.013,0.004
75.0,0.788235294117647,0.39215686274509803,0.3153920777701346,0.007,0,0.005,0.003,0.962,0,0.005,0.0,0,0.013,0.004
80.0,0.788235294117647,0.39215686274509803,0.3153245451633653,0.007,0,0.005,0.003,0.962,0,0.005,0.0,0,0.013,0.004
85.0,0.788235294117647,0.39215686274509803,0.3153245451633653,0.007,0,0.005,0.003,0.962,0,0.005,0.0,0,0.013,0.004
90.0,0.788235294117647,0.39215686274509803,0.3151988366392523,0.007,0,0.005,0.003,0.962,0,0.005,0.0,0,0.013,0.004
95.0,0.788235294117647,0.39215686274509803,0.31516287774210666,0.007,0,0.005,0.003,0.962,0,0.005,0.0,0,0.013,0.004
100.0,0.788235294117647,0.39215686274509803,0.3151988366392523,0.007,0,0.005,0.003,0.962,0,0.005,0.0,0,0.013,0.004
105.0,0.788235294117647,0.39215686274509803,0.31516287774210666,0.007,0,0.005,0.003,0.962,0,0.005,0.0,0,0.013,0.004
110.0,0.788235294117647,0.39215686274509803,0.31519628973925157,0.007,0,0.005,0.003,0.962,0,0.005,0.0,0,0.013,0.004
115.0,0.788235294117647,0.39215686274509803,0.31516032885379536,0.007,0,0.005,0.003,0.962,0,0.005,0.0,0,0.013,0.004
120.0,0.788235294117647,0.39215686274509803,0.31519628973925157,0.007,0,0.005,0.003,0.962,0,0.005,0.0,0,0.013,0.004
125.0,0.0,0.0,0.0,1.0,0,0.0,0.0,0.0,0,0.0,0,0,0.0,0.0
130.0,0.0,0.0,0.0,1.0,0,0.0,0.0,0.0,0,0.0,0,0,0.0,0.0
135.0,0.0,0.0,0.0,1.0,0,0.0,0.0,0.0,0,0.0,0,0,0.0,0.0
140.0,0.0,0.0,0.0,1.0,0,0.0,0.0,0.0,0,0.0,0,0,0.0,0.0
145.0,0.0,0.0,0.0,1.0,0,0.0,0.0,0.0,0,0.0,0,0,0.0,0.0
150.0,0.0,0.0,0.0,1.0,0,0.0,0.0,0.0,0,0.0,0,0,0.0,0.0
155.0,0.0,0.0,0.0,1.0,0,0.0,0.0,0.0,0,0.0,0,0,0.0,0.0
160.0,0.36470588235294116,0.38823529411764707,0.6378272352871748,0.319,0.0,0.321,0.054,0.122,0.009,0.025,0.003,0.037,0.015,0.095
165.0,0.3568627450980392,0.39215686274509803,0.6453369389841205,0.319,0.001,0.329,0.058,0.114,0.011,0.026,0.003,0.036,0.015,0.088
170.0,0.34901960784313724,0.396078431372549,0.6443771874711464,0.326,0.002,0.335,0.06,0.096,0.013,0.03,0.004,0.038,0.015,0.082
175.0,0.34509803921568627,0.4,0.6480581522837185,0.33,0.002,0.336,0.058,0.085,0.014,0.033,0.007,0.041,0.016,0.079
180.0,0.34509803921568627,0.4,0.6258646383383469,0.324,0.001,0.345,0.059,0.083,0.015,0.032,0.008,0.042,0.016,0.075
185.0,0.34901960784313724,0.4,0.6482143095592494,0.321,0.001,0.352,0.059,0.08,0.015,0.033,0.007,0.042,0.016,0.074
190.0,0.34901960784313724,0.403921568627451,0.6387146296841953,0.322,0.002,0.358,0.057,0.077,0.015,0.031,0.007,0.043,0.015,0.073
195.0,0.34901960784313724,0.4,0.6327145550016948,0.325,0.001,0.359,0.059,0.074,0.015,0.03,0.009,0.044,0.017,0.067
200.0,0.34901960784313724,0.4,0.6306461949190798,0.323,0.002,0.362,0.059,0.075,0.015,0.028,0.009,0.044,0.017,0.067
205.0,0.3607843137254902,0.43529411764705883,0.5431630495669391,0.4,0.339,0.097,0.035,0.027,0.003,0.006,0.005,0.005,0.005,0.078
210.0,0.3607843137254902,0.43529411764705883,0.5315961250089897,0.399,0.341,0.094,0.034,0.028,0.001,0.006,0.005,0.005,0.005,0.082
215.0,0.36470588235294116,0.4392156862745098,0.5233861243684135,0.392,0.343,0.102,0.034,0.027,0.0,0.005,0.005,0.004,0.005,0.084
220.0,0.36470588235294116,0.4392156862745098,0.5200027465441313,0.391,0.343,0.102,0.034,0.028,0.0,0.005,0.005,0.004,0.005,0.084
225.0,0.3607843137254902,0.4392156862745098,0.5197185280129666,0.393,0.343,0.1,0.034,0.028,0.0,0.005,0.005,0.004,0.005,0.084
230.0,0.3607843137254902,0.4392156862745098,0.519470012999665,0.387,0.342,0.104,0.035,0.027,0.0,0.005,0.005,0.005,0.005,0.084
235.0,0.3607843137254902,0.3843137254901961,0.5232486163128466,0.398,0.314,0.1,0.054,0.011,0.012,0.008,0.004,0.016,0.007,0.077
240.0,0.3607843137254902,0.3843137254901961,0.5243389918144249,0.399,0.315,0.101,0.054,0.011,0.012,0.008,0.003,0.014,0.007,0.075
245.0,0.3607843137254902,0.3843137254901961,0.5222915866831047,0.406,0.317,0.098,0.053,0.01,0.011,0.009,0.003,0.014,0.007,0.074
250.0,0.3568627450980392,0.3803921568627451,0.5223359894971809,0.407,0.318,0.097,0.052,0.009,0.01,0.01,0.003,0.014,0.007,0.074
255.0,0.3568627450980392,0.3803921568627451,0.5213795917766799,0.407,0.318,0.098,0.052,0.009,0.01,0.01,0.004,0.014,0.007,0.073
260.0,0.3568627450980392,0.3803921568627451,0.5213804690347283,0.405,0.318,0.097,0.052,0.009,0.01,0.01,0.003,0.013,0.007,0.075
265.0,0.3568627450980392,0.3803921568627451,0.51827471896628,0.404,0.318,0.099,0.052,0.009,0.01,0.009,0.003,0.014,0.007,0.075
270.0,0.37254901960784315,0.4,0.6048200061736976,0.325,0.037,0.295,0.107,0.078,0.008,0.056,0.002,0.01,0.002,0.08
275.0,0.3764705882352941,0.4,0.6208720658399601,0.321,0.039,0.303,0.108,0.075,0.008,0.054,0.002,0.011,0.002,0.078
280.0,0.37254901960784315,0.4,0.6241559318993943,0.32,0.042,0.309,0.109,0.069,0.009,0.054,0.002,0.009,0.002,0.076
285.0,0.36470588235294116,0.403921568627451,0.6589490579870213,0.32,0.043,0.304,0.111,0.071,0.01,0.056,0.002,0.006,0.002,0.076
290.0,0.36470588235294116,0.4117647058823529,0.6614888938711662,0.307,0.047,0.31,0.117,0.07,0.009,0.055,0.002,0.004,0.002,0.078
295.0,0.3607843137254902,0.4235294117647059,0.6586592073499169,0.283,0.044,0.322,0.123,0.068,0.01,0.061,0.002,0.005,0.002,0.08
300.0,0.3607843137254902,0.2901960784313726,0.5012548992090431,0.545,0.084,0.216,0.012,0.008,0.006,0.011,0.001,0.01,0.0,0.107
305.0,0.3568627450980392,0.29411764705882354,0.5129255699651477,0.544,0.084,0.217,0.012,0.007,0.006,0.012,0.001,0.01,0.0,0.106
310.0,0.3568627450980392,0.29411764705882354,0.4982227735252635,0.542,0.085,0.219,0.012,0.007,0.006,0.012,0.001,0.011,0.0,0.105
315.0,0.35294117647058826,0.29411764705882354,0.46905103630920525,0.543,0.085,0.218,0.013,0.005,0.007,0.014,0.001,0.012,0.0,0.103
320.0,0.34901960784313724,0.2980392156862745,0.48548448211620726,0.541,0.085,0.222,0.013,0.005,0.006,0.014,0.001,0.011,0.0,0.102
325.0,0.3058823529411765,0.43529411764705883,0.5605382542529255,0.213,0.062,0.198,0.251,0.147,0.002,0.009,0.004,0.045,0.002,0.067
330.0,0.3058823529411765,0.42745098039215684,0.5607088503502271,0.221,0.069,0.208,0.246,0.135,0.001,0.011,0.004,0.04,0.002,0.064
335.0,0.3176470588235294,0.4196078431372549,0.5823479506412426,0.234,0.076,0.214,0.231,0.125,0.001,0.015,0.004,0.037,0.002,0.06
340.0,0.3333333333333333,0.41568627450980394,0.6110770617860559,0.234,0.094,0.2,0.219,0.122,0.002,0.015,0.005,0.042,0.002,0.064
345.0,0.32941176470588235,0.43137254901960786,0.6153761392667386,0.22,0.082,0.21,0.225,0.139,0.002,0.013,0.005,0.036,0.002,0.066
350.0,0.32941176470588235,0.44313725490196076,0.6047624030969478,0.212,0.086,0.209,0.22,0.16,0.002,0.012,0.005,0.026,0.002,0.067
355.0,0.33725490196078434,0.45098039215686275,0.6315095944987498,0.204,0.105,0.221,0.2,0.166,0.002,0.009,0.004,0.011,0.002,0.076
360.0,0.35294117647058826,0.45098039215686275,0.6574540213223131,0.201,0.122,0.214,0.19,0.17,0.002,0.011,0.004,0.013,0.001,0.072
365.0,0.3176470588235294,0.2784313725490196,0.6059691560594145,0.573,0.058,0.147,0.032,0.038,0.001,0.005,0.002,0.007,0.0,0.138
370.0,0.3215686274509804,0.2784313725490196,0.6358347261100815,0.574,0.069,0.143,0.03,0.036,0.002,0.004,0.001,0.005,0.0,0.137
375.0,0.3176470588235294,0.2784313725490196,0.6328354060390987,0.574,0.068,0.145,0.034,0.035,0.001,0.003,0.001,0.004,0.0,0.134
380.0,0.3137254901960784,0.28627450980392155,0.6428073991807065,0.554,0.071,0.159,0.034,0.034,0.001,0.004,0.001,0.005,0.0,0.136
385.0,0.3058823529411765,0.2901960784313726,0.6232240598306625,0.548,0.073,0.16,0.038,0.034,0.001,0.004,0.001,0.005,0.0,0.136
390.0,0.30196078431372547,0.29411764705882354,0.6400328424358802,0.537,0.076,0.165,0.04,0.033,0.001,0.005,0.002,0.006,0.0,0.135
395.0,0.2980392156862745,0.29411764705882354,0.645049028719567,0.534,0.075,0.168,0.04,0.034,0.001,0.004,0.001,0.007,0.0,0.136
400.0,0.30196078431372547,0.2980392156862745,0.6493232282562886,0.527,0.077,0.173,0.041,0.032,0.001,0.004,0.002,0.007,0.0,0.136
405.0,0.30196078431372547,0.30196078431372547,0.6368427859273692,0.525,0.078,0.173,0.041,0.031,0.002,0.004,0.002,0.008,0.0,0.137
410.0,0.36470588235294116,0.23921568627450981,0.49387729727101587,0.443,0.003,0.211,0.084,0.234,0.0,0.004,0.002,0.017,0.001,0.0
415.0,0.36470588235294116,0.23137254901960785,0.49387729727101587,0.455,0.003,0.205,0.082,0.231,0.0,0.003,0.002,0.017,0.001,0.0
420.0,0.3607843137254902,0.23137254901960785,0.49387729727101587,0.459,0.002,0.198,0.082,0.233,0.0,0.003,0.003,0.018,0.001,0.0
425.0,0.43137254901960786,0.28627450980392155,0.6270454166032923,0.405,0.028,0.181,0.096,0.211,0.006,0.015,0.01,0.027,0.018,0.001
430.0,0.43529411764705883,0.2901960784313726,0.6230941770139677,0.394,0.03,0.175,0.093,0.229,0.007,0.017,0.009,0.024,0.021,0.001
435.0,0.42745098039215684,0.2980392156862745,0.6249245310410849,0.378,0.032,0.178,0.099,0.234,0.005,0.017,0.011,0.024,0.021,0.001
440.0,0.36470588235294116,0.4470588235294118,0.5918979367191053,0.226,0.138,0.192,0.178,0.183,0.003,0.011,0.003,0.015,0.001,0.049
445.0,0.3568627450980392,0.4470588235294118,0.6232601576438673,0.229,0.139,0.192,0.18,0.181,0.001,0.01,0.004,0.014,0.002,0.048
450.0,0.35294117647058826,0.45098039215686275,0.5550915854988804,0.225,0.141,0.191,0.182,0.181,0.001,0.01,0.004,0.013,0.002,0.051
455.0,0.34509803921568627,0.44313725490196076,0.5505911276515746,0.242,0.121,0.19,0.183,0.183,0.001,0.007,0.006,0.012,0.001,0.054
460.0,0.33725490196078434,0.4117647058823529,0.57889547069713,0.295,0.055,0.177,0.168,0.193,0.001,0.005,0.008,0.032,0.001,0.066
465.0,0.5254901960784314,0.25882352941176473,0.4519163533079026,0.495,0.058,0.131,0.0,0.001,0.046,0.011,0.162,0.039,0.0,0.055
470.0,0.4980392156862745,0.27450980392156865,0.4505192669258074,0.492,0.058,0.145,0.005,0.004,0.036,0.029,0.156,0.033,0.003,0.039
475.0,0.5137254901960784,0.25882352941176473,0.45048465995511344,0.5,0.059,0.139,0.002,0.002,0.04,0.013,0.161,0.039,0.001,0.044
480.0,0.39215686274509803,0.44313725490196076,0.4504965125308859,0.357,0.031,0.134,0.051,0.017,0.011,0.162,0.112,0.028,0.088,0.009
485.0,0.2196078431372549,0.8862745098039215,0.2993097266593514,0.046,0,0.066,0.016,0.0,0,0.733,0.0,0.0,0.137,0.002
490.0,0.2196078431372549,0.8862745098039215,0.29714144795010416,0.051,0,0.062,0.016,0.0,0,0.734,0,0.0,0.138,0.001
495.0,0.2196078431372549,0.8901960784313725,0.29714144795010416,0.046,0,0.062,0.016,0.0,0,0.742,0.0,0.0,0.134,0.0
500.0,0.2196078431372549,0.8862745098039215,0.28819247634802486,0.055,0,0.055,0.019,0.0,0,0.735,0,0.0,0.136,0.0
505.0,0.21568627450980393,0.8901960784313725,0.28819247634802486,0.046,0,0.062,0.018,0.0,0,0.741,0,0.0,0.133,0.0
510.0,0.4470588235294118,0.4745098039215686,0.5206270392457615,0.075,0.081,0.345,0.167,0.003,0.002,0.022,0.002,0.304,0.0,0.0
515.0,0.4666666666666667,0.4666666666666667,0.5382190522280994,0.086,0.098,0.356,0.112,0.01,0.003,0.022,0.003,0.311,0.0,0.0
520.0,0.5019607843137255,0.3411764705882353,0.597668643127627,0.234,0.116,0.34,0.044,0.05,0.009,0.019,0.004,0.184,0.0,0.0
525.0,0.4666666666666667,0.35294117647058826,0.5437130542650868,0.263,0.092,0.448,0.051,0.046,0.011,0.019,0.004,0.064,0.0,0.001
530.0,0.4392156862745098,0.3686274509803922,0.6240309098732983,0.254,0.099,0.443,0.067,0.05,0.007,0.023,0.005,0.05,0.0,0.001
535.0,0.44313725490196076,0.36470588235294116,0.6081800783071905,0.249,0.095,0.469,0.044,0.048,0.01,0.025,0.009,0.05,0.0,0.0
540.0,0.44313725490196076,0.3843137254901961,0.5121984709421288,0.228,0.096,0.485,0.049,0.042,0.01,0.028,0.012,0.049,0.0,0.0
545.0,0.4196078431372549,0.5137254901960784,0.45047819238244335,0.091,0.14,0.364,0.031,0.03,0.005,0.001,0.001,0.042,0.05,0.246
550.0,0.6901960784313725,0.43137254901960786,0.4554907091388406,0.035,0,0.225,0.012,0.014,0.003,0.011,0.001,0.543,0.012,0.144
555.0,0.4392156862745098,0.5058823529411764,0.46007662222026174,0.097,0.104,0.322,0.031,0.031,0.008,0.001,0.001,0.12,0.036,0.249
560.0,0.39215686274509803,0.5333333333333333,0.43824321666756577,0.078,0.093,0.41,0.035,0.034,0.003,0.001,0.001,0.033,0.044,0.269
565.0,0.42745098039215684,0.4549019607843137,0.5669403953887129,0.119,0.096,0.427,0.049,0.03,0.005,0.001,0.0,0.037,0.052,0.184
570.0,0.2784313725490196,0.0784313725490196,0.4090304209981745,0.894,0,0.054,0.0,0.0,0,0.0,0.015,0.038,0.0,0.0
575.0,0.38823529411764707,0.5333333333333333,0.43904860192271794,0.084,0.094,0.392,0.036,0.044,0.005,0.0,0.001,0.024,0.044,0.276
580.0,0.38823529411764707,0.5411764705882353,0.44593694464696226,0.088,0.104,0.377,0.037,0.035,0.004,0.0,0.001,0.026,0.052,0.276
585.0,0.2980392156862745,0.3803921568627451,0.5802116023521288,0.405,0,0.344,0.062,0.038,0.006,0.122,0.006,0.008,0.005,0.003
590.0,0.2980392156862745,0.3803921568627451,0.5799992742073893,0.403,0,0.345,0.062,0.039,0.006,0.123,0.006,0.008,0.005,0.003
595.0,0.2980392156862745,0.3843137254901961,0.5807270058758216,0.401,0,0.346,0.063,0.037,0.006,0.123,0.007,0.009,0.005,0.003
600.0,0.2980392156862745,0.3843137254901961,0.580374993717519,0.401,0,0.346,0.063,0.037,0.006,0.124,0.007,0.008,0.005,0.003
605.0,0.2980392156862745,0.3843137254901961,0.5854880974298814,0.4,0,0.346,0.064,0.037,0.006,0.123,0.007,0.009,0.005,0.003
610.0,0.2980392156862745,0.3843137254901961,0.5868806886833331,0.4,0,0.345,0.064,0.037,0.006,0.124,0.007,0.01,0.005,0.003
615.0,0.29411764705882354,0.3843137254901961,0.6012725846119356,0.4,0,0.345,0.065,0.036,0.005,0.124,0.007,0.009,0.005,0.003
620.0,0.29411764705882354,0.3843137254901961,0.6080302007756075,0.398,0,0.344,0.065,0.036,0.006,0.125,0.007,0.01,0.005,0.003
625.0,0.29411764705882354,0.38823529411764707,0.6094928049006733,0.397,0,0.344,0.066,0.036,0.006,0.126,0.007,0.01,0.005,0.003
630.0,0.29411764705882354,0.38823529411764707,0.6103427857585312,0.396,0,0.343,0.066,0.036,0.006,0.126,0.008,0.011,0.005,0.003
635.0,0.30196078431372547,0.38823529411764707,0.5760779918470875,0.395,0,0.344,0.064,0.036,0.006,0.129,0.009,0.011,0.004,0.004
640.0,0.4823529411764706,0.32941176470588235,0.6401322598740278,0.239,0.047,0.386,0.037,0.051,0.002,0.015,0.07,0.131,0.0,0.023
645.0,0.47058823529411764,0.3215686274509804,0.6292999641593523,0.262,0.045,0.344,0.036,0.046,0.001,0.014,0.086,0.148,0.001,0.017
650.0,0.4666666666666667,0.3254901960784314,0.6383260834923906,0.253,0.061,0.305,0.075,0.036,0.001,0.013,0.083,0.154,0.0,0.018
655.0,0.4549019607843137,0.3058823529411765,0.5678016999683771,0.312,0.066,0.293,0.064,0.029,0.0,0.013,0.064,0.136,0.0,0.022
660.0,0.4549019607843137,0.3058823529411765,0.5366521101787769,0.313,0.082,0.268,0.052,0.081,0.0,0.01,0.052,0.12,0.0,0.023
665.0,0.43529411764705883,0.29411764705882354,0.6225977657648546,0.319,0.091,0.262,0.044,0.142,0.0,0.008,0.036,0.084,0.0,0.015
670.0,0.43137254901960786,0.2901960784313726,0.6301977562073624,0.314,0.089,0.26,0.038,0.184,0.0,0.006,0.018,0.079,0.0,0.012
675.0,0.4549019607843137,0.2823529411764706,0.5775361068011065,0.297,0.1,0.279,0.024,0.195,0.0,0.003,0.003,0.088,0.0,0.011
680.0,0.4666666666666667,0.29411764705882354,0.5389855593576717,0.258,0.111,0.291,0.023,0.199,0.0,0.005,0.002,0.101,0.0,0.009
685.0,0.33725490196078434,0.29411764705882354,0.6149971983041261,0.449,0.003,0.212,0.088,0.106,0.001,0.048,0.011,0.079,0.001,0.002
690.0,0.3254901960784314,0.30980392156862746,0.6222432280546099,0.416,0.003,0.193,0.125,0.114,0.001,0.049,0.013,0.083,0.001,0.002
695.0,0.3607843137254902,0.3215686274509804,0.6306583659263983,0.366,0.002,0.235,0.123,0.094,0.0,0.051,0.014,0.11,0.001,0.002
700.0,0.44313725490196076,0.36470588235294116,0.638066096492459,0.146,0.0,0.499,0.12,0.081,0.0,0.053,0.014,0.085,0.001,0.001
705.0,0.4117647058823529,0.2980392156862745,0.6221062333349473,0.345,0.003,0.414,0.048,0.065,0.0,0.049,0.013,0.062,0.001,0.0
710.0,0.3411764705882353,0.32941176470588235,0.5444993788398673,0.375,0.004,0.211,0.125,0.11,0.0,0.051,0.013,0.108,0.001,0.0
715.0,0.3411764705882353,0.32941176470588235,0.5848866965960561,0.383,0.005,0.199,0.125,0.105,0.0,0.051,0.013,0.118,0.001,0.0
720.0,0.3411764705882353,0.32941176470588235,0.6013693916236172,0.383,0.003,0.199,0.128,0.09,0.0,0.051,0.012,0.133,0.0,0.001
725.0,0.32941176470588235,0.3254901960784314,0.6489893873740223,0.4,0.001,0.212,0.125,0.083,0.0,0.044,0.005,0.129,0.0,0.001
730.0,0.3176470588235294,0.3176470588235294,0.6527178533400706,0.432,0.001,0.212,0.124,0.072,0.0,0.045,0.004,0.11,0.0,0.0
735.0,0.30980392156862746,0.30980392156862746,0.5903017409267016,0.462,0.0,0.21,0.113,0.068,0.0,0.052,0.005,0.088,0.0,0.001
740.0,0.30980392156862746,0.3176470588235294,0.15567163667961634,0.461,0,0.22,0.11,0.057,0.0,0.06,0.006,0.085,0.001,0.0
745.0,0.1568627450980392,0.8784313725490196,0.2996047952096216,0.004,0.044,0.001,0.01,0.015,0,0.0,0.0,0,0.029,0.898
750.0,0.1568627450980392,0.8784313725490196,0.29935289539918825,0.004,0.044,0.001,0.01,0.014,0,0.0,0.0,0,0.027,0.899
755.0,0.1568627450980392,0.8784313725490196,0.2983355919153395,0.004,0.043,0.002,0.011,0.014,0,0.0,0.0,0,0.025,0.901
760.0,0.1568627450980392,0.8784313725490196,0.2983355919153395,0.004,0.043,0.002,0.011,0.013,0,0.0,0.0,0,0.027,0.9
765.0,0.1568627450980392,0.8784313725490196,0.2983355919153395,0.004,0.042,0.002,0.012,0.013,0,0.0,0.0,0,0.025,0.902
770.0,0.1568627450980392,0.8784313725490196,0.2983355919153395,0.004,0.042,0.002,0.012,0.013,0,0.0,0.0,0,0.026,0.901
775.0,0.1568627450980392,0.8784313725490196,0.2983355919153395,0.004,0.043,0.002,0.012,0.013,0,0.0,0.0,0,0.025,0.902
780.0,0.1568627450980392,0.8784313725490196,0.2983355919153395,0.004,0.043,0.002,0.012,0.013,0,0.0,0.0,0,0.025,0.902
785.0,0.1607843137254902,0.8784313725490196,0.2860009406039862,0.003,0.045,0.001,0.008,0.015,0,0.0,0.0,0,0.023,0.904
790.0,0.43137254901960786,0.4235294117647059,0.39630117484202365,0.115,0,0.767,0.06,0.016,0.002,0.006,0.0,0.033,0.0,0.001
795.0,0.43137254901960786,0.4235294117647059,0.4439519062118479,0.116,0,0.762,0.061,0.016,0.002,0.006,0.0,0.036,0.0,0.001
800.0,0.42745098039215684,0.4235294117647059,0.47226170504209686,0.117,0,0.758,0.062,0.016,0.002,0.006,0.0,0.038,0.0,0.001
805.0,0.42745098039215684,0.42745098039215684,0.46677992582754746,0.116,0,0.757,0.062,0.016,0.002,0.007,0.0,0.038,0.0,0.001
810.0,0.4235294117647059,0.30196078431372547,0.30345306166634267,0.299,0.027,0.526,0.032,0.05,0.001,0.021,0.001,0.033,0.0,0.009
815.0,0.3764705882352941,0.29411764705882354,0.6192167986630979,0.366,0.036,0.369,0.101,0.05,0.001,0.023,0.002,0.036,0.0,0.016
820.0,0.35294117647058826,0.27058823529411763,0.6059868671058305,0.439,0.048,0.344,0.064,0.051,0.0,0.018,0.002,0.023,0.0,0.01
825.0,0.3607843137254902,0.26666666666666666,0.6187783088195679,0.443,0.036,0.372,0.054,0.055,0.0,0.012,0.002,0.021,0.0,0.005
830.0,0.3843137254901961,0.2784313725490196,0.5297240715386502,0.385,0.075,0.374,0.058,0.063,0.001,0.013,0.002,0.023,0.0,0.006
835.0,0.36470588235294116,0.28627450980392155,0.40691143464662877,0.385,0.077,0.368,0.065,0.06,0.0,0.016,0.002,0.02,0.0,0.006
840.0,0.3411764705882353,0.42745098039215684,0.5346212793190801,0.218,0.033,0.419,0.137,0.106,0.003,0.029,0.004,0.046,0.003,0.003
845.0,0.3411764705882353,0.43137254901960786,0.5533827121410727,0.215,0.036,0.431,0.13,0.098,0.003,0.029,0.004,0.047,0.004,0.002
850.0,0.5098039215686274,0.22745098039215686,0.31882117622723316,0.554,0.133,0.162,0.117,0.012,0.001,0.001,0.002,0.018,0.0,0.0
855.0,0.49019607843137253,0.23529411764705882,0.3188960581310248,0.566,0.095,0.189,0.116,0.011,0.0,0.0,0.002,0.019,0.0,0.0
860.0,0.4823529411764706,0.23921568627450981,0.5911418797690061,0.567,0.099,0.18,0.12,0.012,0.0,0.0,0.003,0.019,0.0,0.0
865.0,0.3686274509803922,0.3333333333333333,0.656243291811811,0.417,0.013,0.353,0.168,0.022,0.0,0.014,0.004,0.008,0.0,0.0
870.0,0.4470588235294118,0.4470588235294118,0.6347815014367729,0.156,0.017,0.545,0.045,0.046,0.023,0.037,0.005,0.105,0.0,0.019
875.0,0.44313725490196076,0.45098039215686275,0.6264020056582379,0.151,0.022,0.538,0.047,0.05,0.025,0.035,0.003,0.108,0.0,0.02
880.0,0.44313725490196076,0.4549019607843137,0.6335756215703546,0.151,0.024,0.538,0.046,0.05,0.026,0.038,0.004,0.104,0.0,0.018
885.0,0.4392156862745098,0.45098039215686275,0.6351259623861086,0.156,0.023,0.537,0.044,0.049,0.026,0.04,0.005,0.104,0.0,0.018
890.0,0.44313725490196076,0.45098039215686275,0.6296540345107846,0.157,0.024,0.536,0.043,0.045,0.027,0.04,0.004,0.107,0.0,0.018
895.0,0.44313725490196076,0.4470588235294118,0.6143998005208108,0.155,0.024,0.531,0.043,0.045,0.027,0.04,0.005,0.112,0.0,0.018
900.0,0.4470588235294118,0.4392156862745098,0.5515943445003668,0.163,0.026,0.523,0.044,0.045,0.024,0.036,0.005,0.116,0.0,0.017
905.0,0.43137254901960786,0.4980392156862745,0.47734696724943787,0.055,0,0.858,0.009,0.026,0.002,0.016,0.0,0.033,0.0,0.001
910.0,0.43137254901960786,0.4980392156862745,0.4770470983740351,0.055,0,0.854,0.01,0.027,0.002,0.016,0,0.036,0.0,0.001
915.0,0.43137254901960786,0.4980392156862745,0.4770470983740351,0.055,0,0.854,0.009,0.025,0.002,0.017,0.0,0.036,0.0,0.001
920.0,0.42745098039215684,0.4980392156862745,0.4779278101492009,0.055,0,0.854,0.01,0.025,0.002,0.017,0.0,0.036,0.0,0.001
925.0,0.42745098039215684,0.4980392156862745,0.4778609009655478,0.058,0,0.846,0.01,0.025,0.002,0.019,0.0,0.04,0.0,0.001
930.0,0.4235294117647059,0.4980392156862745,0.4778609009655478,0.06,0,0.842,0.01,0.022,0.002,0.022,0.0,0.041,0.0,0.001
935.0,0.4235294117647059,0.4980392156862745,0.4778609009655478,0.058,0,0.844,0.01,0.021,0.002,0.024,0.0,0.039,0.0,0.001
940.0,0.4235294117647059,0.4980392156862745,0.4779576462613816,0.057,0,0.846,0.009,0.021,0.003,0.024,0.0,0.039,0.0,0.001
945.0,0.4235294117647059,0.5019607843137255,0.4779876762155056,0.056,0,0.848,0.009,0.021,0.003,0.024,0.0,0.039,0.0,0.001
950.0,0.4235294117647059,0.5019607843137255,0.47803736082097975,0.054,0,0.854,0.009,0.015,0.003,0.025,0.0,0.038,0.0,0.001
955.0,0.3333333333333333,0.43529411764705883,0.6027373427173994,0.094,0,0.436,0.372,0.032,0.013,0.002,0.0,0.051,0.0,0.0
960.0,0.32941176470588235,0.43529411764705883,0.6297152302162886,0.096,0,0.427,0.378,0.029,0.013,0.003,0.0,0.053,0.0,0.0
965.0,0.32941176470588235,0.43529411764705883,0.5953826886574859,0.096,0,0.426,0.381,0.025,0.013,0.004,0.0,0.054,0.0,0.0
970.0,0.3254901960784314,0.4392156862745098,0.5835004755433187,0.097,0,0.423,0.387,0.022,0.012,0.004,0.0,0.054,0.0,0.0
975.0,0.32941176470588235,0.4392156862745098,0.5794098254598686,0.096,0,0.424,0.387,0.019,0.012,0.004,0.0,0.056,0.0,0.0
980.0,0.32941176470588235,0.4392156862745098,0.5771220140959787,0.096,0,0.421,0.39,0.02,0.013,0.004,0.0,0.056,0.0,0.0
985.0,0.3254901960784314,0.44313725490196076,0.5740406078919311,0.098,0,0.416,0.393,0.019,0.013,0.004,0.0,0.057,0.0,0.0
990.0,0.3254901960784314,0.44313725490196076,0.588603691744286,0.098,0,0.406,0.399,0.018,0.013,0.005,0.0,0.061,0.0,0.0
995.0,0.3215686274509804,0.4470588235294118,0.6341994744331731,0.098,0,0.399,0.404,0.016,0.013,0.006,0.0,0.065,0.0,0.0
1000.0,0.3333333333333333,0.34901960784313724,0.2961961746958382,0.179,0.002,0.383,0.225,0.172,0.002,0.001,0.0,0.024,0.0,0.012
1005.0,0.3333333333333333,0.34901960784313724,0.2961723236665369,0.181,0.002,0.379,0.225,0.171,0.001,0.001,0.0,0.027,0.0,0.013
1010.0,0.3333333333333333,0.34901960784313724,0.2961723236665369,0.185,0.002,0.38,0.225,0.169,0.002,0.001,0.0,0.027,0.0,0.011
1015.0,0.32941176470588235,0.34901960784313724,0.2961723236665369,0.186,0.002,0.383,0.224,0.168,0.001,0.001,0.0,0.026,0.0,0.009
1020.0,0.32941176470588235,0.34901960784313724,0.2961723236665369,0.186,0.002,0.383,0.224,0.166,0.002,0.001,0.0,0.027,0.0,0.009
1025.0,0.32941176470588235,0.34901960784313724,0.2961723236665369,0.185,0.002,0.385,0.224,0.166,0.002,0.001,0.0,0.027,0.0,0.009
1030.0,0.3333333333333333,0.34901960784313724,0.2961723236665369,0.185,0.002,0.386,0.224,0.165,0.001,0.001,0.001,0.028,0.0,0.008
1035.0,0.3333333333333333,0.35294117647058826,0.2961723236665369,0.185,0.002,0.386,0.225,0.163,0.002,0.001,0.0,0.027,0.0,0.009
1040.0,0.32941176470588235,0.35294117647058826,0.2961723236665369,0.185,0.002,0.386,0.224,0.162,0.002,0.001,0.0,0.028,0.0,0.009
1045.0,0.32941176470588235,0.34901960784313724,0.2961723236665369,0.186,0.002,0.388,0.223,0.161,0.001,0.001,0.001,0.028,0.0,0.008
1050.0,0.32941176470588235,0.34901960784313724,0.2961723236665369,0.186,0.002,0.389,0.223,0.161,0.002,0.001,0.001,0.028,0.0,0.008
1055.0,0.1568627450980392,0.8823529411764706,0.30044612784136454,0.003,0.037,0.002,0.01,0.012,0,0.0,0.0,0,0.02,0.917
1060.0,0.15294117647058825,0.8823529411764706,0.30044612784136454,0.003,0.034,0.001,0.011,0.012,0,0.0,0.0,0,0.021,0.916
1065.0,0.15294117647058825,0.8823529411764706,0.30044612784136454,0.004,0.033,0.001,0.011,0.013,0,0.0,0.0,0,0.021,0.916
1070.0,0.15294117647058825,0.8823529411764706,0.30044612784136454,0.004,0.032,0.001,0.012,0.014,0,0.0,0.0,0,0.022,0.915
1075.0,0.15294117647058825,0.8823529411764706,0.30044612784136454,0.004,0.033,0.001,0.012,0.014,0,0.0,0.0,0,0.022,0.915
1080.0,0.15294117647058825,0.8823529411764706,0.30044612784136454,0.004,0.033,0.001,0.012,0.014,0,0.0,0.0,0,0.022,0.915
1085.0,0.1568627450980392,0.8823529411764706,0.28633398226457113,0.003,0.037,0.001,0.009,0.013,0,0.0,0.0,0,0.022,0.915
1090.0,0.15294117647058825,0.8823529411764706,0.28633398226457113,0.004,0.034,0.002,0.011,0.013,0,0.0,0.0,0,0.026,0.911
1095.0,0.15294117647058825,0.8823529411764706,0.28633398226457113,0.004,0.034,0.002,0.01,0.013,0,0.0,0.0,0,0.027,0.91
1100.0,0.15294117647058825,0.8823529411764706,0.28633398226457113,0.004,0.033,0.001,0.011,0.013,0,0.0,0.0,0,0.026,0.911
1105.0,0.2235294117647059,0.6470588235294118,0.5156860913008804,0.055,0,0.424,0.518,0.0,0,0.002,0,0,0.0,0.0
1110.0,0.2235294117647059,0.6470588235294118,0.5156860913008804,0.055,0,0.421,0.521,0.0,0,0.003,0,0,0.0,0.0
1115.0,0.22745098039215686,0.6470588235294118,0.5156860913008804,0.055,0,0.421,0.521,0.0,0,0.003,0.0,0,0.0,0.0
1120.0,0.22745098039215686,0.6470588235294118,0.5156860913008804,0.056,0,0.417,0.523,0.0,0,0.003,0,0,0.0,0.0
1125.0,0.23137254901960785,0.6039215686274509,0.5156860913008804,0.109,0,0.411,0.475,0.0,0,0.004,0.0,0.001,0.0,0.0
1130.0,0.3764705882352941,0.43137254901960786,0.5156397726963509,0.265,0.0,0.605,0.036,0.007,0.008,0.007,0.001,0.054,0.0,0.017
1135.0,0.4117647058823529,0.3764705882352941,0.39154251470165446,0.399,0,0.345,0.005,0.007,0.045,0.014,0.0,0.063,0.001,0.122
1140.0,0.403921568627451,0.3764705882352941,0.3914569493426972,0.411,0,0.333,0.005,0.006,0.042,0.015,0.0,0.059,0.001,0.129
1145.0,0.39215686274509803,0.3764705882352941,0.32931268394892693,0.407,0,0.354,0.013,0.006,0.039,0.015,0.0,0.042,0.001,0.123
1150.0,0.38823529411764707,0.37254901960784315,0.32398342355604537,0.41,0,0.376,0.018,0.004,0.036,0.013,0.0,0.041,0.001,0.1
1155.0,0.38823529411764707,0.36470588235294116,0.32042394749593617,0.426,0,0.375,0.015,0.006,0.036,0.011,0.001,0.04,0.001,0.089
1160.0,0.396078431372549,0.34509803921568627,0.31889614478722234,0.44,0,0.373,0.015,0.006,0.037,0.009,0.0,0.039,0.001,0.081
1165.0,0.403921568627451,0.33725490196078434,0.31755720435710255,0.446,0,0.368,0.016,0.006,0.039,0.009,0.001,0.04,0.001,0.075
1170.0,0.396078431372549,0.3411764705882353,0.317859120236687,0.438,0,0.369,0.023,0.007,0.037,0.009,0.0,0.038,0.001,0.078
1175.0,0.3843137254901961,0.3607843137254902,0.3185844176670227,0.427,0.0,0.358,0.025,0.008,0.035,0.01,0.0,0.037,0.001,0.098
1180.0,0.3843137254901961,0.36470588235294116,0.3183459847132204,0.424,0,0.349,0.025,0.007,0.033,0.013,0.0,0.04,0.001,0.106
1185.0,0.3803921568627451,0.36470588235294116,0.3172512275857769,0.426,0,0.355,0.026,0.007,0.032,0.013,0.0,0.038,0.001,0.102
1190.0,0.3843137254901961,0.36470588235294116,0.31729055436177034,0.427,0,0.358,0.025,0.006,0.03,0.014,0.0,0.04,0.001,0.101
1195.0,0.38823529411764707,0.3686274509803922,0.3170383563576084,0.424,0,0.353,0.017,0.007,0.034,0.011,0.0,0.04,0.001,0.111
1200.0,0.396078431372549,0.3764705882352941,0.31793626723181534,0.407,0,0.343,0.01,0.007,0.047,0.01,0.0,0.056,0.001,0.118
1205.0,0.41568627450980394,0.3843137254901961,0.363823852787395,0.381,0,0.364,0.01,0.008,0.049,0.015,0.0,0.056,0.0,0.115
1210.0,0.4549019607843137,0.5176470588235295,0.559139964121036,0.204,0.0,0.394,0.028,0.005,0.109,0.01,0.001,0.053,0.0,0.197
1215.0,0.47058823529411764,0.5019607843137255,0.5630679903765173,0.219,0.0,0.374,0.019,0.001,0.129,0.009,0.001,0.065,0.0,0.181
1220.0,0.47058823529411764,0.5058823529411764,0.5709798000619694,0.213,0,0.376,0.02,0.002,0.135,0.009,0.001,0.066,0.0,0.177
1225.0,0.4666666666666667,0.5058823529411764,0.5718958089463281,0.211,0,0.382,0.017,0.001,0.127,0.009,0.003,0.068,0.0,0.181
1230.0,0.47058823529411764,0.4980392156862745,0.5736095229482794,0.227,0.0,0.374,0.007,0.0,0.13,0.009,0.004,0.067,0.0,0.181
1235.0,0.47058823529411764,0.4980392156862745,0.5736114328152143,0.231,0,0.366,0.013,0.001,0.14,0.009,0.003,0.068,0.0,0.169
1240.0,0.4666666666666667,0.4980392156862745,0.5736599468317187,0.234,0.0,0.361,0.02,0.002,0.148,0.009,0.002,0.064,0.0,0.16
1245.0,0.4588235294117647,0.5019607843137255,0.5741135950867133,0.233,0.0,0.362,0.019,0.002,0.138,0.009,0.003,0.067,0.0,0.167
1250.0,0.36470588235294116,0.29411764705882354,0.476256834367859,0.516,0.013,0.235,0.073,0.009,0.101,0.019,0.006,0.025,0.0,0.003
1255.0,0.3568627450980392,0.2901960784313726,0.4763166041849836,0.524,0.002,0.238,0.072,0.01,0.095,0.02,0.006,0.028,0.0,0.005
1260.0,0.35294117647058826,0.29411764705882354,0.4773556125376411,0.521,0.003,0.244,0.072,0.01,0.09,0.02,0.006,0.029,0.0,0.006
1265.0,0.34901960784313724,0.29411764705882354,0.461622942321058,0.522,0.003,0.245,0.074,0.01,0.085,0.021,0.006,0.029,0.0,0.006
1270.0,0.34509803921568627,0.2901960784313726,0.47356934076690366,0.529,0.002,0.245,0.073,0.009,0.08,0.022,0.006,0.029,0.0,0.005
1275.0,0.3843137254901961,0.23921568627450981,0.5730161378546728,0.462,0.02,0.232,0.083,0.161,0.002,0.01,0.005,0.025,0.0,0.0
1280.0,0.3803921568627451,0.24313725490196078,0.5570722240890367,0.446,0.02,0.242,0.087,0.162,0.002,0.011,0.005,0.025,0.0,0.0
1285.0,0.3803921568627451,0.24705882352941178,0.6123463098427554,0.44,0.023,0.248,0.089,0.155,0.002,0.011,0.006,0.027,0.0,0.0
1290.0,0.37254901960784315,0.25098039215686274,0.605292658666203,0.439,0.023,0.249,0.089,0.153,0.002,0.012,0.007,0.028,0.0,0.0
1295.0,0.3764705882352941,0.25098039215686274,0.6389811586185731,0.443,0.023,0.247,0.088,0.149,0.002,0.012,0.006,0.03,0.0,0.0
1300.0,0.37254901960784315,0.25098039215686274,0.6314798865198804,0.445,0.024,0.245,0.089,0.142,0.002,0.013,0.007,0.033,0.0,0.0
1305.0,0.3686274509803922,0.25098039215686274,0.6394297522182205,0.452,0.022,0.254,0.09,0.13,0.002,0.012,0.006,0.032,0.0,0.0
1310.0,0.3686274509803922,0.2549019607843137,0.6098158015584224,0.45,0.02,0.262,0.095,0.123,0.003,0.011,0.006,0.03,0.0,0.0
1315.0,0.36470588235294116,0.25882352941176473,0.6289393367456795,0.462,0.018,0.257,0.096,0.114,0.003,0.015,0.006,0.028,0.0,0.0
1320.0,0.3607843137254902,0.25882352941176473,0.6472155699960982,0.457,0.016,0.252,0.1,0.119,0.003,0.015,0.007,0.029,0.0,0.0
1325.0,0.3607843137254902,0.25882352941176473,0.64676385530131,0.446,0.015,0.263,0.096,0.124,0.003,0.014,0.008,0.029,0.0,0.0
1330.0,0.37254901960784315,0.30980392156862746,0.5825763680622764,0.509,0.002,0.306,0.03,0.008,0.053,0.009,0.036,0.027,0.002,0.019
1335.0,0.37254901960784315,0.29411764705882354,0.4983679037479907,0.531,0.007,0.293,0.029,0.004,0.048,0.008,0.038,0.024,0.003,0.016
1340.0,0.3686274509803922,0.2980392156862745,0.27231112782616074,0.522,0.008,0.3,0.031,0.005,0.049,0.009,0.042,0.017,0.004,0.012
1345.0,0.3568627450980392,0.30980392156862746,0.3108622809684099,0.505,0.012,0.3,0.034,0.01,0.041,0.012,0.047,0.02,0.007,0.012
1350.0,0.3411764705882353,0.30980392156862746,0.5538213830159676,0.504,0.011,0.285,0.041,0.017,0.026,0.016,0.055,0.017,0.012,0.014
1355.0,0.37254901960784315,0.27058823529411763,0.5578058485667373,0.421,0.02,0.203,0.124,0.186,0.006,0.007,0.01,0.022,0.002,0.0
1360.0,0.36470588235294116,0.27450980392156865,0.5650396824260758,0.413,0.02,0.206,0.127,0.185,0.005,0.008,0.011,0.023,0.001,0.0
1365.0,0.36470588235294116,0.27450980392156865,0.5205219985949688,0.407,0.021,0.205,0.13,0.183,0.005,0.009,0.012,0.027,0.001,0.0
1370.0,0.36470588235294116,0.2823529411764706,0.5252607454917604,0.396,0.021,0.212,0.13,0.185,0.005,0.01,0.014,0.025,0.002,0.0
1375.0,0.3686274509803922,0.2784313725490196,0.5698805588021285,0.38,0.022,0.235,0.125,0.189,0.005,0.008,0.008,0.027,0.001,0.0
1380.0,0.37254901960784315,0.28627450980392155,0.5628750913450151,0.359,0.021,0.243,0.131,0.19,0.005,0.011,0.009,0.029,0.001,0.0
1385.0,0.3686274509803922,0.28627450980392155,0.5506118975441613,0.359,0.021,0.24,0.136,0.186,0.005,0.011,0.01,0.031,0.001,0.0
1390.0,0.37254901960784315,0.2823529411764706,0.5711416104552858,0.38,0.02,0.237,0.133,0.171,0.005,0.01,0.01,0.032,0.002,0.0
1395.0,0.37254901960784315,0.27450980392156865,0.5407889526212635,0.395,0.02,0.22,0.127,0.179,0.005,0.009,0.011,0.032,0.002,0.0
1400.0,0.37254901960784315,0.2784313725490196,0.5475569203759328,0.391,0.021,0.218,0.13,0.184,0.005,0.009,0.012,0.029,0.002,0.0
1405.0,0.3764705882352941,0.27450980392156865,0.5605929007120458,0.396,0.021,0.216,0.124,0.181,0.005,0.011,0.015,0.029,0.002,0.0
1410.0,0.3803921568627451,0.27450980392156865,0.5665919845033587,0.403,0.022,0.215,0.119,0.179,0.005,0.012,0.014,0.029,0.002,0.0
1415.0,0.39215686274509803,0.27058823529411763,0.5219356797044903,0.4,0.022,0.218,0.116,0.188,0.004,0.011,0.01,0.03,0.001,0.0
1420.0,0.3843137254901961,0.27450980392156865,0.5502889943115138,0.391,0.021,0.219,0.12,0.19,0.005,0.011,0.011,0.03,0.002,0.0
1425.0,0.21568627450980393,0.5843137254901961,0.5122994295011392,0.141,0,0.351,0.504,0.001,0,0.003,0.0,0,0.0,0.0
1430.0,0.2196078431372549,0.5843137254901961,0.5125036228707504,0.144,0,0.346,0.507,0.0,0,0.003,0.0,0,0.0,0.0
1435.0,0.2196078431372549,0.5803921568627451,0.5129253309110932,0.145,0,0.343,0.508,0.0,0,0.004,0.0,0,0.0,0.0
1440.0,0.22745098039215686,0.5764705882352941,0.5142636415509826,0.146,0.0,0.365,0.478,0.004,0.0,0.004,0.0,0.003,0.0,0.0
1445.0,0.2549019607843137,0.592156862745098,0.5144822397031006,0.1,0.001,0.398,0.463,0.006,0.005,0.003,0.0,0.023,0.0,0.001
1450.0,0.37254901960784315,0.3411764705882353,0.6625864378533446,0.425,0.04,0.404,0.042,0.014,0.006,0.011,0.004,0.046,0.008,0.002
1455.0,0.43137254901960786,0.3137254901960784,0.6591957004393837,0.431,0.056,0.396,0.025,0.008,0.009,0.011,0.002,0.054,0.005,0.003
1460.0,0.42745098039215684,0.33725490196078434,0.6466709783916893,0.385,0.084,0.397,0.025,0.006,0.012,0.011,0.003,0.055,0.021,0.002
1465.0,0.4235294117647059,0.3568627450980392,0.6452031600018653,0.348,0.103,0.387,0.026,0.006,0.014,0.027,0.003,0.056,0.027,0.001
1470.0,0.4196078431372549,0.3686274509803922,0.6354907740939298,0.324,0.12,0.378,0.029,0.006,0.013,0.029,0.003,0.058,0.039,0.001
1475.0,0.4196078431372549,0.3803921568627451,0.6493546043681295,0.31,0.124,0.377,0.031,0.004,0.015,0.038,0.003,0.063,0.034,0.001
1480.0,0.4235294117647059,0.3843137254901961,0.6282898684556444,0.3,0.129,0.37,0.035,0.003,0.014,0.042,0.003,0.069,0.033,0.001
1485.0,0.49019607843137253,0.30196078431372547,0.29072996035111326,0.498,0.283,0.154,0.014,0.0,0.019,0.01,0.0,0.021,0.0,0.0
1490.0,0.5294117647058824,0.2980392156862745,0.2915134344462182,0.37,0.419,0.153,0.015,0.001,0.016,0.006,0.0,0.02,0.0,0.0
1495.0,0.5450980392156862,0.2980392156862745,0.6585808560880969,0.357,0.429,0.155,0.013,0.001,0.018,0.005,0.001,0.022,0.0,0.0
1500.0,0.5450980392156862,0.29411764705882354,0.4972016333594175,0.366,0.415,0.156,0.014,0.001,0.018,0.009,0.0,0.022,0.0,0.0
1505.0,0.5490196078431373,0.30196078431372547,0.6383487336920451,0.339,0.446,0.151,0.013,0.0,0.019,0.009,0.0,0.023,0.0,0.0
1510.0,0.5529411764705883,0.2980392156862745,0.23838754610024265,0.322,0.467,0.149,0.014,0.0,0.02,0.005,0.0,0.023,0.0,0.0
1515.0,0.5490196078431373,0.3058823529411765,0.5314712484248426,0.298,0.469,0.164,0.015,0.0,0.02,0.008,0.0,0.025,0.0,0.0
1520.0,0.37254901960784315,0.3176470588235294,0.6317152311421826,0.484,0.004,0.31,0.045,0.017,0.023,0.054,0.002,0.041,0.019,0.001
1525.0,0.3686274509803922,0.3137254901960784,0.6216642843189113,0.497,0.003,0.309,0.042,0.011,0.022,0.053,0.002,0.047,0.013,0.0
1530.0,0.3843137254901961,0.30196078431372547,0.618939633266482,0.502,0.009,0.316,0.036,0.008,0.021,0.049,0.002,0.047,0.009,0.0
1535.0,0.39215686274509803,0.29411764705882354,0.6342515632849125,0.5,0.015,0.327,0.031,0.009,0.022,0.044,0.002,0.044,0.005,0.0
1540.0,0.4,0.29411764705882354,0.5677742818830905,0.485,0.021,0.345,0.029,0.01,0.023,0.038,0.002,0.046,0.002,0.0
1545.0,0.403921568627451,0.2901960784313726,0.6401591848879749,0.483,0.026,0.347,0.026,0.009,0.024,0.031,0.001,0.051,0.001,0.0
1550.0,0.4117647058823529,0.27450980392156865,0.6223744955603181,0.507,0.032,0.332,0.023,0.006,0.022,0.026,0.001,0.048,0.001,0.0
1555.0,0.4196078431372549,0.26666666666666666,0.6307733504123479,0.498,0.036,0.346,0.021,0.006,0.019,0.022,0.001,0.05,0.001,0.0
1560.0,0.41568627450980394,0.2549019607843137,0.6376132233107612,0.522,0.033,0.328,0.02,0.007,0.015,0.019,0.002,0.053,0.001,0.0
1565.0,0.4117647058823529,0.25098039215686274,0.5575211488526346,0.512,0.028,0.352,0.017,0.011,0.01,0.019,0.003,0.046,0.001,0.0
1570.0,0.40784313725490196,0.24705882352941178,0.5346293116241666,0.551,0.024,0.327,0.017,0.01,0.006,0.022,0.005,0.035,0.002,0.001
1575.0,0.2235294117647059,0.6313725490196078,0.5376594613134617,0.078,0,0.395,0.523,0.0,0,0.004,0.0,0,0.0,0.0
1580.0,0.23137254901960785,0.6235294117647059,0.5372775625742373,0.087,0,0.388,0.52,0.0,0,0.004,0,0,0.0,0.0
1585.0,0.23921568627450981,0.615686274509804,0.5372775625742373,0.098,0,0.382,0.516,0.0,0,0.004,0,0,0.0,0.0
1590.0,0.2549019607843137,0.611764705882353,0.5372775625742373,0.086,0,0.384,0.491,0.0,0.0,0.01,0.0,0.029,0.0,0.0
1595.0,0.35294117647058826,0.5686274509803921,0.569193983463617,0.062,0.0,0.558,0.165,0.009,0.0,0.062,0.001,0.135,0.007,0.0
1600.0,0.4235294117647059,0.5607843137254902,0.6217951627687193,0.066,0.0,0.49,0.126,0.016,0.004,0.071,0.001,0.224,0.003,0.0
1605.0,0.4392156862745098,0.5647058823529412,0.5463759312461549,0.056,0.0,0.462,0.119,0.018,0.005,0.076,0.001,0.259,0.003,0.001
1610.0,0.45098039215686275,0.5725490196078431,0.565291196888263,0.046,0.0,0.45,0.112,0.017,0.006,0.091,0.001,0.271,0.004,0.002
1615.0,0.4470588235294118,0.5764705882352941,0.5284492880741813,0.044,0.0,0.45,0.113,0.015,0.006,0.094,0.001,0.268,0.008,0.001
1620.0,0.5372549019607843,0.4470588235294118,0.31779208575987594,0.029,0.0,0.534,0.179,0.001,0.054,0.013,0.001,0.162,0.0,0.026
1625.0,0.5333333333333333,0.45098039215686275,0.31770934258372907,0.026,0.0,0.53,0.176,0.001,0.055,0.017,0.001,0.167,0.0,0.026
1630.0,0.5294117647058824,0.4549019607843137,0.3175346938863172,0.024,0.0,0.524,0.175,0.0,0.057,0.02,0.002,0.17,0.0,0.027
1635.0,0.5254901960784314,0.4549019607843137,0.3176045582803047,0.024,0.0,0.507,0.174,0.001,0.059,0.021,0.002,0.185,0.0,0.028
1640.0,0.5254901960784314,0.4588235294117647,0.31775114647337216,0.024,0.0,0.502,0.175,0.001,0.061,0.022,0.002,0.183,0.0,0.029
1645.0,0.5254901960784314,0.4627450980392157,0.31792833162285106,0.023,0.0,0.501,0.173,0.001,0.061,0.023,0.002,0.185,0.0,0.031
1650.0,0.45098039215686275,0.5254901960784314,0.40182550977640236,0.047,0,0.705,0.028,0.012,0.002,0.015,0.001,0.19,0.0,0.0
1655.0,0.403921568627451,0.5764705882352941,0.5347568368919982,0.043,0,0.77,0.027,0.006,0.003,0.026,0.0,0.123,0.0,0.0
1660.0,0.36470588235294116,0.615686274509804,0.4961083634964681,0.026,0,0.852,0.039,0.005,0,0.028,0,0.05,0.0,0.0
1665.0,0.5450980392156862,0.44313725490196076,0.3006774447098982,0.04,0,0.567,0.143,0.002,0.071,0.012,0.001,0.154,0.0,0.011
1670.0,0.5803921568627451,0.44313725490196076,0.35965386054541343,0.038,0,0.577,0.089,0.002,0.077,0.006,0.003,0.199,0.0,0.009
1675.0,0.5411764705882353,0.4666666666666667,0.34283875951272297,0.024,0.0,0.57,0.134,0.001,0.078,0.014,0.002,0.169,0.0,0.009
1680.0,0.47058823529411764,0.4627450980392157,0.37731996605201945,0.045,0.0,0.574,0.199,0.001,0.078,0.01,0.002,0.079,0.0,0.012
1685.0,0.48627450980392156,0.5019607843137255,0.4977178223763058,0.05,0.0,0.493,0.192,0.003,0.139,0.01,0.001,0.067,0.0,0.044
1690.0,0.22745098039215686,0.6274509803921569,0.5161460005879677,0.081,0,0.237,0.674,0.0,0,0.008,0,0,0.0,0.0
1695.0,0.22745098039215686,0.6235294117647059,0.5161460005879677,0.082,0,0.235,0.675,0.0,0,0.008,0,0,0.0,0.0
1700.0,0.23529411764705882,0.611764705882353,0.5161460005879677,0.1,0,0.247,0.642,0.0,0.0,0.009,0.0,0.002,0.0,0.0
1705.0,0.3137254901960784,0.6352941176470588,0.5161460005879677,0.055,0.001,0.254,0.545,0.001,0.099,0.009,0.0,0.012,0.0,0.024
1710.0,0.5372549019607843,0.5686274509803921,0.48223574694954807,0.039,0.001,0.301,0.092,0.079,0.217,0.003,0.002,0.019,0.0,0.247
1715.0,0.611764705882353,0.4470588235294118,0.42728113866958733,0.131,0.003,0.085,0.035,0.228,0.382,0.005,0.002,0.072,0.0,0.056
1720.0,0.5764705882352941,0.43137254901960786,0.42993795646496363,0.153,0.006,0.08,0.043,0.247,0.344,0.003,0.002,0.075,0.0,0.046
1725.0,0.4745098039215686,0.3764705882352941,0.46092852012319496,0.321,0.0,0.14,0.178,0.151,0.156,0.005,0.002,0.016,0.002,0.03
1730.0,0.47058823529411764,0.3843137254901961,0.5195170803345224,0.315,0.0,0.143,0.174,0.145,0.166,0.005,0.002,0.018,0.002,0.03
1735.0,0.4745098039215686,0.38823529411764707,0.5137297475807399,0.311,0.0,0.143,0.168,0.134,0.186,0.007,0.002,0.025,0.002,0.023
1740.0,0.4745098039215686,0.38823529411764707,0.5137297475807399,0.308,0.0,0.14,0.167,0.133,0.191,0.008,0.001,0.025,0.002,0.023
1745.0,0.5490196078431373,0.4,0.5628587949348873,0.394,0.009,0.12,0.022,0.122,0.226,0.004,0.002,0.039,0.0,0.063
1750.0,0.5333333333333333,0.3764705882352941,0.5656651006857536,0.421,0.004,0.083,0.021,0.167,0.218,0.001,0.001,0.029,0.0,0.055
1755.0,0.5372549019607843,0.3843137254901961,0.5651012137052805,0.403,0.003,0.086,0.023,0.169,0.223,0.003,0.001,0.033,0.0,0.055
1760.0,0.5372549019607843,0.403921568627451,0.541280607534271,0.37,0.004,0.097,0.027,0.171,0.236,0.003,0.002,0.035,0.0,0.056
1765.0,0.29411764705882354,0.5019607843137255,0.5322070327801589,0.078,0,0.254,0.537,0.058,0.006,0.001,0.004,0.019,0.0,0.043
1770.0,0.2823529411764706,0.5176470588235295,0.5367769299959259,0.063,0,0.261,0.554,0.046,0.008,0.001,0.005,0.02,0.0,0.043
1775.0,0.27450980392156865,0.5333333333333333,0.5101223676307987,0.052,0.0,0.262,0.573,0.027,0.01,0.001,0.006,0.025,0.0,0.044
1780.0,0.26666666666666666,0.5411764705882353,0.5059990527762429,0.054,0.0,0.255,0.597,0.004,0.012,0.001,0.006,0.026,0.0,0.044
1785.0,0.2549019607843137,0.4235294117647059,0.2667184422603078,0.188,0.011,0.222,0.493,0.016,0.004,0.017,0.013,0.036,0.0,0.0
1790.0,0.2549019607843137,0.4196078431372549,0.2667184422603078,0.192,0.016,0.233,0.46,0.017,0.007,0.017,0.018,0.039,0.001,0.0
1795.0,0.24705882352941178,0.41568627450980394,0.3399729137266243,0.163,0.016,0.235,0.493,0.016,0.002,0.016,0.019,0.039,0.001,0.0
1800.0,0.23137254901960785,0.4196078431372549,0.4918781769909625,0.127,0.013,0.215,0.561,0.013,0.003,0.016,0.016,0.034,0.001,0.0
1805.0,0.23137254901960785,0.6274509803921569,0.5133647852684247,0.08,0,0.377,0.537,0.001,0,0.005,0.0,0,0.0,0.0
1810.0,0.23137254901960785,0.6274509803921569,0.5133647852684247,0.081,0,0.374,0.539,0.0,0,0.005,0.0,0,0.0,0.0
1815.0,0.24313725490196078,0.6274509803921569,0.5133647852684247,0.073,0,0.392,0.523,0.0,0.0,0.006,0.0,0.005,0.0,0.0
1820.0,0.28627450980392155,0.6039215686274509,0.48933225722553436,0.034,0.0,0.509,0.402,0.007,0.03,0.007,0.0,0.008,0.0,0.003
1825.0,0.5882352941176471,0.40784313725490196,0.37533802282057566,0.201,0.003,0.201,0.014,0.227,0.254,0.004,0.0,0.02,0.0,0.076
1830.0,0.6235294117647059,0.3803921568627451,0.4942985670338815,0.244,0.003,0.194,0.01,0.191,0.267,0.004,0.0,0.033,0.0,0.053
1835.0,0.6196078431372549,0.3803921568627451,0.49538175128900136,0.245,0.003,0.194,0.009,0.191,0.27,0.004,0.0,0.033,0.0,0.052
1840.0,0.6196078431372549,0.3803921568627451,0.49659631504584895,0.248,0.003,0.193,0.009,0.189,0.27,0.003,0.0,0.034,0.0,0.051
1845.0,0.6196078431372549,0.3803921568627451,0.49695635238438607,0.248,0.003,0.194,0.01,0.189,0.27,0.003,0.0,0.033,0.0,0.051
1850.0,0.6196078431372549,0.3803921568627451,0.496802926798766,0.248,0.003,0.194,0.01,0.189,0.268,0.003,0.0,0.033,0.0,0.052
1855.0,0.6196078431372549,0.3803921568627451,0.4961482934269648,0.248,0.003,0.194,0.01,0.187,0.268,0.004,0.0,0.034,0.0,0.052
1860.0,0.615686274509804,0.3803921568627451,0.4961335673733301,0.249,0.003,0.192,0.01,0.186,0.267,0.004,0.0,0.036,0.0,0.052
1865.0,0.6235294117647059,0.3803921568627451,0.4869883510714417,0.252,0.003,0.191,0.009,0.184,0.266,0.004,0.0,0.038,0.0,0.052
1870.0,0.6235294117647059,0.3843137254901961,0.48738372796927953,0.242,0.004,0.205,0.009,0.17,0.273,0.013,0.0,0.043,0.0,0.041
1875.0,0.5568627450980392,0.48627450980392156,0.5687734438079436,0.152,0.081,0.212,0.084,0.085,0.279,0.032,0.001,0.054,0.002,0.018
1880.0,0.5411764705882353,0.47843137254901963,0.565830719672205,0.162,0.087,0.203,0.091,0.094,0.254,0.028,0.001,0.056,0.002,0.021
1885.0,0.5333333333333333,0.4745098039215686,0.536840553839407,0.169,0.09,0.194,0.096,0.099,0.244,0.029,0.001,0.054,0.002,0.02
1890.0,0.5294117647058824,0.47058823529411764,0.5419866004277727,0.172,0.09,0.184,0.099,0.103,0.243,0.027,0.002,0.055,0.002,0.022
1895.0,0.5294117647058824,0.47058823529411764,0.5445953856861553,0.176,0.089,0.181,0.099,0.104,0.246,0.025,0.002,0.054,0.002,0.021
1900.0,0.5686274509803921,0.4196078431372549,0.36992099626669145,0.188,0.004,0.286,0.005,0.163,0.237,0.005,0.001,0.07,0.0,0.042
1905.0,0.6,0.4470588235294118,0.6314479197034639,0.182,0.006,0.259,0.009,0.114,0.273,0.005,0.001,0.068,0.0,0.084
1910.0,0.5882352941176471,0.43137254901960786,0.6383882402589899,0.21,0.005,0.254,0.006,0.104,0.293,0.006,0.001,0.083,0.0,0.039
1915.0,0.5882352941176471,0.43137254901960786,0.6080448806498582,0.21,0.005,0.26,0.006,0.104,0.271,0.008,0.001,0.081,0.0,0.055
1920.0,0.5647058823529412,0.4196078431372549,0.6127052911480093,0.223,0.006,0.263,0.01,0.12,0.255,0.006,0.001,0.082,0.001,0.033
1925.0,0.5607843137254902,0.42745098039215684,0.591697277827146,0.222,0.006,0.261,0.01,0.123,0.263,0.01,0.001,0.07,0.004,0.03
1930.0,0.5568627450980392,0.43137254901960786,0.5939929824170576,0.228,0.008,0.259,0.009,0.12,0.255,0.007,0.001,0.065,0.002,0.046
1935.0,0.5803921568627451,0.4549019607843137,0.5720484903732616,0.204,0.008,0.261,0.009,0.09,0.262,0.01,0.001,0.074,0.002,0.079
1940.0,0.6039215686274509,0.47843137254901963,0.5559414614936609,0.169,0.008,0.247,0.008,0.085,0.344,0.009,0.001,0.067,0.002,0.06
1945.0,0.592156862745098,0.45098039215686275,0.5700585370999975,0.19,0.007,0.245,0.007,0.11,0.307,0.009,0.0,0.062,0.002,0.06
1950.0,0.21568627450980393,0.6549019607843137,0.5159168858372611,0.043,0,0.429,0.524,0.0,0,0.003,0,0,0.0,0.0
1955.0,0.21568627450980393,0.6549019607843137,0.5159168858372611,0.042,0,0.428,0.526,0.0,0,0.004,0.0,0,0.0,0.0
1960.0,0.21568627450980393,0.6549019607843137,0.5159168858372611,0.043,0,0.426,0.527,0.0,0,0.004,0.0,0,0.0,0.0
1965.0,0.21568627450980393,0.6549019607843137,0.5159168858372611,0.042,0,0.424,0.529,0.0,0,0.004,0,0,0.0,0.0
1970.0,0.21568627450980393,0.6509803921568628,0.5159168858372611,0.042,0,0.428,0.525,0.0,0.0,0.005,0.0,0.0,0.0,0.0
1975.0,0.37254901960784315,0.43137254901960786,0.4309230810086908,0.124,0.0,0.763,0.09,0.007,0.007,0.003,0.001,0.003,0.0,0.001
1980.0,0.5803921568627451,0.20392156862745098,0.6042952719941332,0.389,0.001,0.531,0.003,0.015,0.028,0.002,0.003,0.023,0.0,0.006
1985.0,0.5725490196078431,0.19607843137254902,0.6285234520803957,0.396,0.001,0.531,0.002,0.01,0.023,0.002,0.002,0.027,0.0,0.006
1990.0,0.5725490196078431,0.20784313725490197,0.5180459195534316,0.38,0.002,0.535,0.002,0.015,0.022,0.001,0.001,0.033,0.0,0.009
1995.0,0.5647058823529412,0.2235294117647059,0.5254130642322971,0.362,0.002,0.56,0.002,0.017,0.011,0.001,0.002,0.029,0.001,0.014
2000.0,0.5607843137254902,0.22745098039215686,0.6532224055340677,0.361,0.0,0.543,0.002,0.026,0.005,0.001,0.0,0.039,0.0,0.023
2005.0,0.49019607843137253,0.2980392156862745,0.6218296016052566,0.397,0.016,0.389,0.033,0.018,0.044,0.003,0.002,0.053,0.033,0.013
2010.0,0.49411764705882355,0.29411764705882354,0.6375385849012806,0.405,0.028,0.39,0.018,0.015,0.041,0.002,0.002,0.054,0.035,0.012
2015.0,0.49019607843137253,0.29411764705882354,0.6503818713118303,0.41,0.014,0.395,0.019,0.015,0.045,0.003,0.002,0.053,0.033,0.011
2020.0,0.5019607843137255,0.28627450980392155,0.633323696615758,0.415,0.023,0.384,0.015,0.012,0.05,0.003,0.004,0.057,0.025,0.013
2025.0,0.5098039215686274,0.2784313725490196,0.6525256896216662,0.433,0.019,0.366,0.013,0.012,0.047,0.003,0.004,0.07,0.023,0.01
2030.0,0.5529411764705883,0.25098039215686274,0.5487719045946233,0.303,0,0.561,0.032,0.026,0.016,0.004,0.0,0.046,0.006,0.006
2035.0,0.5529411764705883,0.2549019607843137,0.5487671334161659,0.298,0,0.562,0.032,0.023,0.016,0.004,0.0,0.053,0.006,0.005
2040.0,0.5294117647058824,0.23137254901960785,0.6683452021121149,0.538,0.013,0.311,0.009,0.014,0.036,0.002,0.0,0.026,0.027,0.022
2045.0,0.5176470588235295,0.24705882352941178,0.6721918772408197,0.521,0.012,0.317,0.007,0.014,0.032,0.002,0.0,0.03,0.033,0.032
2050.0,0.5058823529411764,0.2627450980392157,0.6674549199107165,0.511,0.013,0.327,0.007,0.013,0.031,0.002,0.0,0.028,0.034,0.032
2055.0,0.6313725490196078,0.22745098039215686,0.6070628386175142,0.436,0.002,0.405,0.007,0.009,0.035,0.003,0.001,0.09,0.0,0.011
2060.0,0.6274509803921569,0.22745098039215686,0.6063333321169593,0.436,0.007,0.399,0.007,0.009,0.037,0.003,0.001,0.091,0.0,0.01
2065.0,0.6235294117647059,0.23137254901960785,0.6063333321169593,0.431,0.011,0.404,0.007,0.009,0.032,0.003,0.001,0.091,0.0,0.013
2070.0,0.592156862745098,0.28627450980392155,0.6125448634130481,0.241,0,0.555,0.021,0.002,0.043,0.009,0.0,0.105,0.009,0.015
2075.0,0.5882352941176471,0.2901960784313726,0.618199256350054,0.241,0,0.561,0.022,0.001,0.033,0.012,0.001,0.101,0.008,0.022
2080.0,0.5764705882352941,0.2823529411764706,0.6371506249491723,0.247,0.0,0.545,0.021,0.001,0.028,0.012,0.0,0.117,0.008,0.02
2085.0,0.5764705882352941,0.2901960784313726,0.6475164949496108,0.249,0,0.547,0.022,0.001,0.029,0.013,0.001,0.116,0.007,0.015
2090.0,0.5725490196078431,0.2823529411764706,0.651994317947786,0.252,0,0.541,0.021,0.001,0.029,0.011,0.002,0.119,0.007,0.017
2095.0,0.2235294117647059,0.6470588235294118,0.5159669294869179,0.054,0,0.415,0.527,0.0,0,0.003,0.0,0,0.0,0.0
2100.0,0.2235294117647059,0.6470588235294118,0.5159669294869179,0.055,0,0.413,0.529,0.0,0,0.003,0,0,0.0,0.0
2105.0,0.25098039215686274,0.611764705882353,0.5159669294869179,0.08,0,0.41,0.473,0.0,0.003,0.004,0.007,0.022,0.0,0.0
2110.0,0.36470588235294116,0.49019607843137253,0.34110658112674414,0.107,0.033,0.636,0.126,0.012,0.005,0.032,0.007,0.031,0.007,0.002
2115.0,0.45098039215686275,0.43529411764705883,0.3541474135462353,0.142,0.038,0.563,0.078,0.026,0.033,0.038,0.008,0.055,0.013,0.007
2120.0,0.45098039215686275,0.43529411764705883,0.3541474135462353,0.141,0.037,0.565,0.078,0.027,0.031,0.038,0.008,0.055,0.013,0.007
2125.0,0.4470588235294118,0.3254901960784314,0.3750215769079723,0.326,0,0.499,0.001,0.038,0.013,0.002,0.007,0.114,0.0,0.0
2130.0,0.4470588235294118,0.3254901960784314,0.3781711599998688,0.323,0,0.496,0.001,0.037,0.011,0.002,0.008,0.121,0.0,0.0
2135.0,0.4470588235294118,0.3254901960784314,0.37970422878228,0.32,0,0.494,0.001,0.037,0.011,0.002,0.01,0.125,0.0,0.0
2140.0,0.22745098039215686,0.6392156862745098,0.5122643235886886,0.064,0,0.237,0.691,0.0,0,0.008,0,0,0.0,0.0
2145.0,0.22745098039215686,0.6392156862745098,0.5122643235886886,0.065,0,0.236,0.69,0.0,0,0.008,0.0,0,0.0,0.0
2150.0,0.22745098039215686,0.6352941176470588,0.5122643235886886,0.065,0,0.234,0.691,0.0,0,0.009,0.0,0,0.0,0.0
2155.0,0.23529411764705882,0.6313725490196078,0.5122643235886886,0.071,0,0.253,0.65,0.0,0.001,0.02,0.0,0.005,0.0,0.0
2160.0,0.2901960784313726,0.6470588235294118,0.5122643235886886,0.04,0.0,0.29,0.52,0.001,0.062,0.021,0.001,0.021,0.0,0.044
2165.0,0.3411764705882353,0.6196078431372549,0.4934237469399348,0.031,0.0,0.159,0.587,0.003,0.106,0.013,0.001,0.021,0.0,0.078
2170.0,0.34901960784313724,0.4117647058823529,0.3550112919679779,0.376,0.016,0.101,0.164,0.119,0.107,0.014,0.003,0.021,0.0,0.078
2175.0,0.34509803921568627,0.4117647058823529,0.3614451515443486,0.382,0.018,0.097,0.162,0.113,0.109,0.017,0.005,0.023,0.0,0.073
2180.0,0.3411764705882353,0.40784313725490196,0.37069891215459677,0.39,0.017,0.094,0.163,0.106,0.11,0.018,0.005,0.024,0.001,0.072
2185.0,0.5176470588235295,0.4666666666666667,0.545199185664983,0.233,0.01,0.147,0.036,0.147,0.239,0.014,0.003,0.045,0.001,0.125
2190.0,0.5137254901960784,0.47058823529411764,0.5767520351081354,0.238,0.009,0.144,0.036,0.139,0.245,0.014,0.003,0.044,0.001,0.126
2195.0,0.5176470588235295,0.4666666666666667,0.5809755410708505,0.238,0.01,0.142,0.039,0.131,0.253,0.011,0.004,0.046,0.001,0.124
2200.0,0.5215686274509804,0.4627450980392157,0.5943764307418736,0.246,0.012,0.138,0.037,0.124,0.253,0.009,0.004,0.046,0.001,0.131
2205.0,0.5215686274509804,0.4627450980392157,0.6091278486232419,0.248,0.013,0.14,0.036,0.117,0.253,0.009,0.004,0.045,0.001,0.133
2210.0,0.5176470588235295,0.4627450980392157,0.597264680690366,0.25,0.013,0.142,0.036,0.12,0.247,0.009,0.003,0.042,0.001,0.136
2215.0,0.5098039215686274,0.4588235294117647,0.5962264301467042,0.253,0.013,0.144,0.035,0.123,0.239,0.012,0.003,0.043,0.001,0.134
2220.0,0.5098039215686274,0.4666666666666667,0.5907635452640755,0.25,0.012,0.143,0.036,0.127,0.244,0.012,0.003,0.04,0.001,0.133
2225.0,0.5098039215686274,0.4588235294117647,0.5902358672687751,0.26,0.004,0.15,0.035,0.129,0.238,0.009,0.002,0.035,0.001,0.136
2230.0,0.5254901960784314,0.4666666666666667,0.6419256682899301,0.246,0.001,0.165,0.035,0.108,0.245,0.007,0.004,0.031,0.0,0.158
2235.0,0.48627450980392156,0.47843137254901963,0.641024989264964,0.225,0.0,0.096,0.019,0.318,0.106,0.002,0.001,0.006,0.0,0.227
2240.0,0.5176470588235295,0.4666666666666667,0.6107125048079478,0.256,0.0,0.139,0.021,0.168,0.192,0.011,0.008,0.025,0.0,0.181
2245.0,0.5215686274509804,0.48627450980392156,0.5975359681340842,0.229,0.0,0.138,0.019,0.175,0.217,0.014,0.007,0.033,0.001,0.167
2250.0,0.5215686274509804,0.49019607843137253,0.6328536226348633,0.225,0.001,0.137,0.019,0.181,0.22,0.016,0.008,0.033,0.001,0.161
2255.0,0.5176470588235295,0.49019607843137253,0.6299319214295724,0.225,0.0,0.138,0.018,0.178,0.223,0.018,0.008,0.036,0.001,0.155
2260.0,0.5686274509803921,0.4470588235294118,0.6030467943744366,0.184,0.01,0.181,0.012,0.185,0.313,0.023,0.012,0.03,0.001,0.047
2265.0,0.5529411764705883,0.44313725490196076,0.5274500546420696,0.183,0.01,0.189,0.012,0.192,0.3,0.026,0.012,0.029,0.001,0.046
2270.0,0.5529411764705883,0.43529411764705883,0.5293335123985464,0.189,0.01,0.204,0.01,0.188,0.286,0.023,0.012,0.031,0.001,0.046
2275.0,0.5450980392156862,0.43137254901960786,0.5538027482641694,0.201,0.011,0.203,0.01,0.182,0.288,0.023,0.013,0.027,0.001,0.042
2280.0,0.5411764705882353,0.43137254901960786,0.552363687945781,0.2,0.013,0.227,0.01,0.167,0.272,0.02,0.015,0.031,0.0,0.046
2285.0,0.5372549019607843,0.43529411764705883,0.5169490935486695,0.179,0.012,0.251,0.011,0.169,0.241,0.025,0.014,0.054,0.001,0.043
2290.0,0.4666666666666667,0.3843137254901961,0.41803291566349493,0.24,0,0.37,0.022,0.144,0.116,0.014,0.0,0.078,0.0,0.015
2295.0,0.4588235294117647,0.39215686274509803,0.4081860106963585,0.235,0,0.363,0.025,0.142,0.114,0.019,0.0,0.088,0.0,0.014
2300.0,0.45098039215686275,0.403921568627451,0.40049554677333615,0.231,0,0.363,0.027,0.135,0.11,0.03,0.0,0.091,0.0,0.013
2305.0,0.4470588235294118,0.41568627450980394,0.40153429136099716,0.225,0,0.363,0.031,0.132,0.113,0.031,0.0,0.094,0.001,0.011
2310.0,0.44313725490196076,0.41568627450980394,0.3951475282520794,0.223,0,0.358,0.031,0.129,0.117,0.034,0.0,0.096,0.001,0.011
2315.0,0.44313725490196076,0.41568627450980394,0.3945862367128938,0.224,0,0.35,0.033,0.132,0.114,0.041,0.0,0.093,0.001,0.012
2320.0,0.4392156862745098,0.41568627450980394,0.39446649500290043,0.225,0,0.345,0.034,0.132,0.111,0.043,0.0,0.094,0.002,0.013
2325.0,0.43529411764705883,0.41568627450980394,0.3945637989483014,0.227,0,0.341,0.034,0.134,0.108,0.042,0.0,0.1,0.002,0.012
2330.0,0.43529411764705883,0.4196078431372549,0.3924335208422858,0.223,0,0.346,0.035,0.132,0.105,0.045,0.0,0.099,0.002,0.013
2335.0,0.43529411764705883,0.4196078431372549,0.3930868952231375,0.221,0,0.347,0.034,0.133,0.102,0.045,0.0,0.103,0.002,0.012
2340.0,0.43529411764705883,0.41568627450980394,0.3952432343742078,0.222,0,0.35,0.035,0.133,0.098,0.043,0.0,0.106,0.001,0.013
2345.0,0.43529411764705883,0.41568627450980394,0.39528769263415214,0.223,0,0.346,0.033,0.132,0.1,0.046,0.0,0.106,0.002,0.012
2350.0,0.44313725490196076,0.4117647058823529,0.39061619095262806,0.218,0,0.361,0.035,0.135,0.102,0.038,0.0,0.096,0.002,0.013
2355.0,0.43529411764705883,0.5607843137254902,0.5598853614490187,0.07,0.013,0.218,0.012,0.448,0.125,0.005,0.007,0.08,0.005,0.017
2360.0,0.43529411764705883,0.5568627450980392,0.5599587058734569,0.072,0.013,0.218,0.013,0.436,0.124,0.005,0.008,0.091,0.006,0.015
2365.0,0.4392156862745098,0.5568627450980392,0.5574708373343175,0.072,0.014,0.212,0.014,0.426,0.132,0.004,0.008,0.098,0.007,0.014
2370.0,0.43137254901960786,0.5647058823529412,0.5577748465135205,0.072,0.013,0.211,0.014,0.433,0.113,0.005,0.009,0.099,0.008,0.023
2375.0,0.45098039215686275,0.5803921568627451,0.5336412758939365,0.006,0.044,0.376,0.033,0.361,0.061,0.0,0,0.001,0.0,0.118
2380.0,0.4823529411764706,0.5607843137254902,0.551812020576586,0.047,0.031,0.398,0.012,0.29,0.148,0.002,0.002,0.051,0.002,0.018
2385.0,0.4588235294117647,0.5686274509803921,0.5534809051772084,0.043,0.089,0.409,0.013,0.291,0.076,0.003,0.002,0.061,0.002,0.012
2390.0,0.43137254901960786,0.5686274509803921,0.5231392645719977,0.05,0.106,0.426,0.01,0.293,0.03,0.005,0.002,0.064,0.002,0.013
2395.0,0.43137254901960786,0.5647058823529412,0.51338962422555,0.051,0.101,0.427,0.01,0.297,0.019,0.007,0.002,0.073,0.002,0.011
2400.0,0.42745098039215684,0.5647058823529412,0.5499312889442125,0.053,0.103,0.423,0.012,0.298,0.011,0.006,0.004,0.079,0.003,0.01
2405.0,0.4235294117647059,0.5647058823529412,0.5575359243161886,0.05,0.105,0.418,0.013,0.296,0.007,0.008,0.004,0.086,0.003,0.01
2410.0,0.4196078431372549,0.5647058823529412,0.5746696658756623,0.055,0.109,0.413,0.015,0.294,0.003,0.008,0.004,0.087,0.002,0.01
2415.0,0.41568627450980394,0.5686274509803921,0.5566115828810699,0.051,0.114,0.419,0.013,0.292,0.002,0.008,0.004,0.086,0.003,0.009
2420.0,0.4196078431372549,0.5686274509803921,0.5616398874499585,0.052,0.115,0.417,0.012,0.29,0.003,0.008,0.004,0.087,0.003,0.009
2425.0,0.4196078431372549,0.5725490196078431,0.5618369684151908,0.05,0.117,0.409,0.012,0.292,0.002,0.009,0.003,0.093,0.003,0.01
2430.0,0.41568627450980394,0.5725490196078431,0.557824084714559,0.055,0.118,0.403,0.012,0.294,0.004,0.011,0.003,0.088,0.003,0.01
2435.0,0.41568627450980394,0.5725490196078431,0.5562268813318845,0.056,0.12,0.412,0.012,0.291,0.006,0.009,0.002,0.079,0.002,0.011
2440.0,0.4117647058823529,0.5764705882352941,0.5554712301944971,0.054,0.119,0.409,0.013,0.293,0.01,0.01,0.002,0.075,0.002,0.012
2445.0,0.4117647058823529,0.5803921568627451,0.5550473731282567,0.051,0.118,0.409,0.013,0.296,0.01,0.01,0.003,0.076,0.002,0.013
2450.0,0.41568627450980394,0.5843137254901961,0.5558093698252153,0.047,0.114,0.406,0.014,0.299,0.012,0.011,0.002,0.08,0.003,0.012
2455.0,0.41568627450980394,0.5843137254901961,0.5533642529531535,0.049,0.113,0.406,0.014,0.293,0.01,0.011,0.003,0.086,0.003,0.011
2460.0,0.40784313725490196,0.5843137254901961,0.5524147414952515,0.054,0.115,0.406,0.015,0.295,0.009,0.012,0.003,0.077,0.003,0.011
2465.0,0.40784313725490196,0.5843137254901961,0.5474556034449636,0.049,0.12,0.413,0.014,0.296,0.002,0.012,0.003,0.077,0.003,0.01
2470.0,0.403921568627451,0.5843137254901961,0.548845474843056,0.048,0.121,0.41,0.015,0.294,0.001,0.013,0.003,0.083,0.003,0.009
2475.0,0.4627450980392157,0.37254901960784315,0.3686610341337627,0.271,0.003,0.222,0.009,0.192,0.134,0.029,0.002,0.111,0.001,0.025
2480.0,0.4549019607843137,0.37254901960784315,0.4107578738637283,0.28,0.001,0.217,0.01,0.181,0.14,0.033,0.002,0.112,0.001,0.024
2485.0,0.4588235294117647,0.3764705882352941,0.36509234029211673,0.275,0.002,0.213,0.01,0.178,0.145,0.035,0.003,0.115,0.001,0.024
2490.0,0.4627450980392157,0.3803921568627451,0.38008553990839195,0.269,0.002,0.213,0.01,0.175,0.152,0.034,0.002,0.117,0.001,0.024
2495.0,0.5607843137254902,0.37254901960784315,0.31196790502718647,0.095,0,0.55,0.0,0.107,0.247,0.001,0,0.001,0.0,0.0
2500.0,0.2784313725490196,0.2,0.6455785528924879,0.695,0.0,0.147,0.072,0.041,0.0,0.011,0.007,0.025,0.001,0.0
2505.0,0.2784313725490196,0.20392156862745098,0.6550962235965269,0.698,0.0,0.147,0.071,0.037,0.0,0.013,0.008,0.025,0.001,0.0
2510.0,0.27450980392156865,0.20784313725490197,0.6520030107365796,0.698,0.0,0.148,0.069,0.033,0.0,0.014,0.008,0.026,0.003,0.0
2515.0,0.27450980392156865,0.20784313725490197,0.6509643410198399,0.695,0.0,0.149,0.07,0.031,0.0,0.015,0.009,0.027,0.004,0.0
2520.0,0.27058823529411763,0.21176470588235294,0.6303191284542184,0.693,0.0,0.15,0.069,0.029,0,0.017,0.011,0.026,0.005,0.0
2525.0,0.2784313725490196,0.21176470588235294,0.6666680242709461,0.688,0.0,0.154,0.069,0.033,0.0,0.018,0.008,0.025,0.005,0.0
2530.0,0.23921568627450981,0.3254901960784314,0.48877077307106526,0.336,0.044,0.17,0.242,0.17,0.0,0.005,0.006,0.027,0.0,0.0
2535.0,0.23921568627450981,0.33725490196078434,0.46608703925765965,0.3,0.037,0.176,0.263,0.176,0.001,0.006,0.006,0.034,0.0,0.0
2540.0,0.23529411764705882,0.34509803921568627,0.46274668133044444,0.272,0.025,0.185,0.267,0.194,0.001,0.008,0.008,0.041,0.0,0.0
2545.0,0.24705882352941178,0.3411764705882353,0.43330263867664964,0.269,0.024,0.19,0.265,0.183,0.001,0.009,0.01,0.049,0.0,0.0
2550.0,0.25882352941176473,0.33725490196078434,0.4266121329613096,0.283,0.024,0.2,0.265,0.147,0.001,0.01,0.011,0.059,0.0,0.0
2555.0,0.34509803921568627,0.34901960784313724,0.5845569276314068,0.324,0.01,0.494,0.117,0.006,0.001,0.017,0.006,0.021,0.002,0.003
2560.0,0.3333333333333333,0.34901960784313724,0.6044674504562718,0.348,0.01,0.475,0.113,0.005,0.0,0.018,0.006,0.016,0.002,0.006
2565.0,0.33725490196078434,0.35294117647058826,0.5624476830932128,0.342,0.01,0.48,0.109,0.005,0.0,0.02,0.006,0.017,0.002,0.008
2570.0,0.33725490196078434,0.35294117647058826,0.5692347582401117,0.345,0.022,0.469,0.095,0.006,0.002,0.023,0.008,0.02,0.002,0.008
2575.0,0.27058823529411763,0.5019607843137255,0.5442440595725909,0.101,0.017,0.556,0.293,0.002,0.0,0.022,0.003,0.005,0.0,0.001
2580.0,0.21176470588235294,0.6980392156862745,0.4371270765439851,0.03,0,0.166,0.794,0.0,0,0.009,0,0,0.001,0.0
2585.0,0.2,0.7137254901960784,0.4887339939343868,0.014,0,0.148,0.832,0.0,0,0.005,0,0,0.0,0.0
2590.0,0.2,0.7137254901960784,0.48872900844910194,0.014,0,0.149,0.831,0.0,0,0.006,0,0,0.001,0.0
2595.0,0.2,0.7137254901960784,0.48872900844910194,0.014,0,0.151,0.829,0.0,0,0.005,0,0,0.0,0.0
2600.0,0.2,0.7137254901960784,0.48903662074146076,0.014,0,0.156,0.824,0.0,0,0.006,0,0,0.0,0.0
2605.0,0.20392156862745098,0.7137254901960784,0.48903662074146076,0.015,0,0.158,0.82,0.0,0,0.006,0,0,0.001,0.0
2610.0,0.20392156862745098,0.7137254901960784,0.48903662074146076,0.015,0,0.158,0.819,0.0,0,0.007,0,0,0.001,0.0
2615.0,0.2,0.7137254901960784,0.495811491820159,0.015,0,0.14,0.842,0.0,0,0.003,0,0,0.0,0.0
2620.0,0.2,0.7137254901960784,0.495811491820159,0.015,0,0.142,0.838,0.0,0,0.004,0,0,0.001,0.0
2625.0,0.22745098039215686,0.6941176470588235,0.5068280673988085,0.009,0.012,0.159,0.777,0.0,0.0,0.007,0.001,0.034,0.001,0.0
2630.0,0.5607843137254902,0.4235294117647059,0.36746838133358933,0.19,0.011,0.304,0.225,0.0,0.116,0.005,0.013,0.135,0.0,0.0
2635.0,0.788235294117647,0.49019607843137253,0.41969539535651973,0.016,0.025,0.226,0.001,0.0,0.211,0.019,0.007,0.489,0.004,0.001
2640.0,0.7294117647058823,0.5294117647058824,0.38157505364288874,0.013,0.018,0.252,0.001,0.0,0.254,0.015,0.006,0.436,0.003,0.002
2645.0,0.7254901960784313,0.5333333333333333,0.3802009105711782,0.011,0.014,0.262,0.0,0.0,0.284,0.014,0.006,0.404,0.003,0.002
2650.0,0.7254901960784313,0.5372549019607843,0.38929661464836673,0.011,0.013,0.268,0.0,0.0,0.306,0.012,0.006,0.38,0.002,0.002
2655.0,0.7215686274509804,0.5372549019607843,0.3885008253593218,0.011,0.011,0.274,0.0,0.0,0.322,0.011,0.005,0.362,0.002,0.001
2660.0,0.7215686274509804,0.5372549019607843,0.3680196005533955,0.01,0.011,0.276,0.0,0.0,0.332,0.011,0.005,0.351,0.002,0.001
2665.0,0.7215686274509804,0.5411764705882353,0.3653222894588529,0.01,0.011,0.279,0.0,0.0,0.338,0.011,0.005,0.343,0.002,0.001
2670.0,0.7215686274509804,0.5411764705882353,0.36055183742599906,0.01,0.01,0.28,0.0,0.0,0.342,0.01,0.005,0.339,0.002,0.001
2675.0,0.7254901960784313,0.5372549019607843,0.3240106549834388,0.011,0.011,0.275,0.001,0.0,0.353,0.009,0.003,0.334,0.002,0.002
2680.0,0.7215686274509804,0.5372549019607843,0.32688245739799504,0.01,0.011,0.278,0.001,0.0,0.354,0.009,0.004,0.331,0.002,0.001
2685.0,0.7215686274509804,0.5372549019607843,0.32715703527567636,0.01,0.01,0.279,0.0,0.0,0.356,0.009,0.004,0.328,0.002,0.001
2690.0,0.7215686274509804,0.5372549019607843,0.329673708934171,0.01,0.01,0.278,0.0,0.0,0.36,0.009,0.004,0.325,0.002,0.002
2695.0,0.7215686274509804,0.5372549019607843,0.3296270800934227,0.01,0.01,0.279,0.0,0.0,0.361,0.009,0.004,0.323,0.002,0.002
2700.0,0.7215686274509804,0.5372549019607843,0.3231056761345911,0.01,0.01,0.281,0.0,0.0,0.362,0.009,0.004,0.321,0.002,0.002
2705.0,0.7215686274509804,0.5372549019607843,0.32798929533772264,0.01,0.01,0.281,0.0,0.0,0.364,0.009,0.004,0.319,0.002,0.001
2710.0,0.7215686274509804,0.5411764705882353,0.32811782424931746,0.01,0.01,0.282,0.0,0.0,0.366,0.008,0.004,0.317,0.002,0.001
2715.0,0.7215686274509804,0.5411764705882353,0.32835326884362825,0.01,0.009,0.285,0.0,0.0,0.365,0.008,0.004,0.315,0.002,0.001
2720.0,0.7215686274509804,0.5372549019607843,0.3265780780024656,0.009,0.009,0.283,0.0,0.0,0.369,0.009,0.004,0.314,0.002,0.001
2725.0,0.7215686274509804,0.5411764705882353,0.329600145658008,0.009,0.009,0.285,0.0,0.0,0.369,0.009,0.004,0.312,0.002,0.001
2730.0,0.1843137254901961,0.8705882352941177,0.3143131089856792,0.006,0.06,0.007,0.017,0.027,0,0.0,0.0,0,0.031,0.852
2735.0,0.17254901960784313,0.8941176470588236,0.29768624851679665,0.003,0.017,0.003,0.01,0.014,0,0.0,0.0,0,0.02,0.933
2740.0,0.17254901960784313,0.8941176470588236,0.29768624851679665,0.003,0.017,0.003,0.011,0.014,0,0.0,0,0,0.02,0.932
2745.0,0.17254901960784313,0.8941176470588236,0.29768624851679665,0.003,0.017,0.004,0.01,0.014,0,0.0,0,0,0.021,0.932
2750.0,0.17254901960784313,0.8941176470588236,0.29894441248949954,0.003,0.017,0.004,0.01,0.015,0,0.0,0,0,0.021,0.931
2755.0,0.16862745098039217,0.8941176470588236,0.29894441248949954,0.003,0.016,0.003,0.011,0.015,0,0.0,0,0,0.023,0.93
2760.0,0.16862745098039217,0.8941176470588236,0.29871674021636574,0.003,0.016,0.003,0.011,0.014,0,0.0,0,0,0.023,0.93
2765.0,0.17254901960784313,0.8941176470588236,0.2983961129584145,0.003,0.013,0.004,0.01,0.018,0,0.0,0.0,0,0.025,0.927
2770.0,0.17254901960784313,0.8941176470588236,0.2987029238071146,0.003,0.013,0.004,0.01,0.018,0,0.0,0.0,0,0.026,0.926
2775.0,0.16862745098039217,0.8941176470588236,0.2987029238071146,0.003,0.012,0.004,0.011,0.019,0,0.0,0.0,0,0.026,0.925
2780.0,0.16862745098039217,0.8941176470588236,0.29866216417663216,0.003,0.012,0.004,0.011,0.018,0,0.0,0.0,0,0.027,0.925
2785.0,0.16862745098039217,0.8941176470588236,0.29866216417663216,0.003,0.011,0.004,0.011,0.019,0,0.0,0.0,0,0.027,0.925
2790.0,0.17254901960784313,0.8941176470588236,0.3031363772494377,0.003,0.014,0.003,0.01,0.017,0,0.0,0.0,0,0.032,0.921
2795.0,0.0,0.0,0.0,1.0,0,0.0,0.0,0.0,0,0.0,0,0,0.0,0.0
2800.0,0.0,0.0,0.0,1.0,0,0.0,0.0,0.0,0,0.0,0,0,0.0,0.0
2805.0,0.0,0.0,0.0,1.0,0,0.0,0.0,0.0,0,0.0,0,0,0.0,0.0
2810.0,0.0,0.0,0.0,1.0,0,0.0,0.0,0.0,0,0.0,0,0,0.0,0.0
2815.0,0.0,0.0,0.0,1.0,0,0.0,0.0,0.0,0,0.0,0,0,0.0,0.0
